200.219.50.201,91.32.239.84
251.223.66.113,172.123.186.250
251.223.66.113,172.123.186.250
251.223.66.113,172.123.186.250
251.223.66.113,172.123.186.250
251.223.66.113,172.123.186.250
200.219.50.201,91.32.239.84
200.219.50.201,91.32.239.84
200.219.50.201,91.32.239.84
200.219.50.201,91.32.239.84
200.219.50.201,91.32.239.84
200.219.50.201,91.32.239.84
200.219.50.201,91.32.239.84
200.219.50.201,91.32.239.84
46.55.129.82,74.47.0.160
200.219.50.201,91.32.239.84
200.219.50.201,91.32.239.84
200.219.50.201,91.32.239.84
200.60.99.149,98.163.116.118
200.60.99.149,98.163.116.118
125.61.150.192,118.187.248.143
125.61.150.192,118.187.248.143
125.61.150.192,118.187.248.143
251.223.66.113,172.123.186.250
46.55.129.82,74.47.0.160
200.219.50.201,91.32.239.84
200.219.50.201,91.32.239.84
200.219.50.201,91.32.239.84
200.219.50.201,91.32.239.84
125.61.150.192,118.187.248.143
220.169.177.172,75.244.103.204
200.219.50.201,91.32.239.84
200.219.50.201,91.32.239.84
200.219.50.201,91.32.239.84
200.219.50.201,91.32.239.84
200.219.50.201,91.32.239.84
200.219.50.201,91.32.239.84
200.219.50.201,91.32.239.84
200.219.50.201,91.32.239.84
181.84.50.248,105.239.192.203
236.12.152.24,12.103.102.52
236.12.152.24,12.103.102.52
236.12.152.24,12.103.102.52
200.219.50.201,91.32.239.84
200.219.50.201,91.32.239.84
69.107.174.52,187.107.26.81
251.223.66.113,172.123.186.250
220.86.43.250,72.115.110.138
5.10.121.73,196.224.119.244
200.219.50.201,91.32.239.84
105.1.16.234,255.31.198.35
105.1.16.234,255.31.198.35
105.1.16.234,255.31.198.35
105.1.16.234,255.31.198.35
200.219.50.201,91.32.239.84
105.1.16.234,255.31.198.35
105.1.16.234,255.31.198.35
105.1.16.234,255.31.198.35
105.1.16.234,255.31.198.35
105.1.16.234,255.31.198.35
105.1.16.234,255.31.198.35
105.1.16.234,255.31.198.35
46.55.129.82,74.47.0.160
202.71.19.255,237.242.77.78
202.71.19.255,237.242.77.78
202.71.19.255,237.242.77.78
202.71.19.255,237.242.77.78
155.120.175.55,66.160.205.164
155.120.175.55,66.160.205.164
155.120.175.55,66.160.205.164
55.92.72.148,189.216.145.63
55.92.72.148,189.216.145.63
105.1.16.234,255.31.198.35
105.1.16.234,255.31.198.35
105.1.16.234,255.31.198.35
105.1.16.234,255.31.198.35
105.1.16.234,255.31.198.35
105.1.16.234,255.31.198.35
20.177.47.88,38.245.224.78
20.177.47.88,38.245.224.78
200.219.50.201,91.32.239.84
200.219.50.201,91.32.239.84
181.84.50.248,105.239.192.203
200.219.50.201,91.32.239.84
200.219.50.201,91.32.239.84
139.109.235.191,99.210.236.1
139.109.235.191,99.210.236.1
139.109.235.191,99.210.236.1
139.109.235.191,99.210.236.1
139.109.235.191,99.210.236.1
139.109.235.191,99.210.236.1
139.109.235.191,99.210.236.1
139.109.235.191,99.210.236.1
206.16.30.135,225.66.15.16
206.16.30.135,225.66.15.16
206.16.30.135,225.66.15.16
57.254.150.159,62.38.252.223
57.254.150.159,62.38.252.223
57.254.150.159,62.38.252.223
200.219.50.201,91.32.239.84
200.219.50.201,91.32.239.84
200.219.50.201,91.32.239.84
200.219.50.201,91.32.239.84
200.219.50.201,91.32.239.84
200.219.50.201,91.32.239.84
236.12.152.24,12.103.102.52
236.12.152.24,12.103.102.52
236.12.152.24,12.103.102.52
236.12.152.24,12.103.102.52
236.12.152.24,12.103.102.52
155.120.175.55,66.160.205.164
105.1.16.234,255.31.198.35
1.251.78.186,163.59.207.235
1.251.78.186,163.59.207.235
139.109.235.191,99.210.236.1
139.109.235.191,99.210.236.1
251.223.66.113,172.123.186.250
251.223.66.113,172.123.186.250
251.223.66.113,172.123.186.250
251.223.66.113,172.123.186.250
69.107.174.52,187.107.26.81
69.107.174.52,187.107.26.81
251.223.66.113,172.123.186.250
139.109.235.191,99.210.236.1
139.109.235.191,99.210.236.1
139.109.235.191,99.210.236.1
139.109.235.191,99.210.236.1
202.71.19.255,237.242.77.78
184.67.60.188,242.188.48.190
184.67.60.188,242.188.48.190
184.67.60.188,242.188.48.190
105.1.16.234,255.31.198.35
192.233.236.176,145.18.192.69
200.219.50.201,91.32.239.84
200.219.50.201,91.32.239.84
39.17.181.195,92.109.127.178
251.223.66.113,172.123.186.250
15.173.93.85,57.149.92.143
15.173.93.85,57.149.92.143
15.173.93.85,57.149.92.143
15.173.93.85,57.149.92.143
57.143.183.137,200.104.192.40
57.143.183.137,200.104.192.40
57.143.183.137,200.104.192.40
181.84.50.248,105.239.192.203
181.84.50.248,105.239.192.203
133.99.158.89,211.161.210.158
28.49.172.99,147.175.116.253
139.109.235.191,99.210.236.1
148.170.98.150,143.93.99.152
148.170.98.150,143.93.99.152
139.109.235.191,99.210.236.1
5.10.121.73,196.224.119.244
15.173.93.85,57.149.92.143
200.219.50.201,91.32.239.84
77.11.19.217,230.235.45.65
77.11.19.217,230.235.45.65
236.12.152.24,12.103.102.52
251.223.66.113,172.123.186.250
251.223.66.113,172.123.186.250
251.223.66.113,172.123.186.250
251.223.66.113,172.123.186.250
251.223.66.113,172.123.186.250
89.255.118.170,142.173.20.13
89.255.118.170,142.173.20.13
2.199.170.251,76.242.82.231
2.199.170.251,76.242.82.231
200.219.50.201,91.32.239.84
15.173.93.85,57.149.92.143
15.173.93.85,57.149.92.143
89.255.118.170,142.173.20.13
89.255.118.170,142.173.20.13
200.219.50.201,91.32.239.84
200.219.50.201,91.32.239.84
200.219.50.201,91.32.239.84
200.219.50.201,91.32.239.84
200.219.50.201,91.32.239.84
200.219.50.201,91.32.239.84
200.219.50.201,91.32.239.84
200.219.50.201,91.32.239.84
54.36.115.67,104.145.158.67
54.36.115.67,104.145.158.67
69.35.235.5,168.250.166.226
200.219.50.201,91.32.239.84
200.219.50.201,91.32.239.84
200.219.50.201,91.32.239.84
200.219.50.201,91.32.239.84
200.219.50.201,91.32.239.84
200.219.50.201,91.32.239.84
46.55.129.82,74.47.0.160
200.219.50.201,91.32.239.84
251.41.49.56,80.186.105.42
251.41.49.56,80.186.105.42
251.223.66.113,172.123.186.250
90.109.93.249,110.146.65.41
90.109.93.249,110.146.65.41
139.109.235.191,99.210.236.1
139.109.235.191,99.210.236.1
139.109.235.191,99.210.236.1
139.109.235.191,99.210.236.1
28.49.172.99,147.175.116.253
28.49.172.99,147.175.116.253
71.25.217.74,68.147.124.200
39.17.181.195,92.109.127.178
105.1.16.234,255.31.198.35
200.219.50.201,91.32.239.84
200.219.50.201,91.32.239.84
200.219.50.201,91.32.239.84
200.219.50.201,91.32.239.84
200.219.50.201,91.32.239.84
200.219.50.201,91.32.239.84
216.172.1.10,233.212.249.245
216.172.1.10,233.212.249.245
82.102.163.60,177.16.114.70
82.102.163.60,177.16.114.70
132.203.226.13,6.55.170.30
132.203.226.13,6.55.170.30
184.67.60.188,242.188.48.190
184.67.60.188,242.188.48.190
184.67.60.188,242.188.48.190
213.19.6.115,147.131.47.229
213.19.6.115,147.131.47.229
20.177.47.88,38.245.224.78
20.177.47.88,38.245.224.78
69.107.174.52,187.107.26.81
69.107.174.52,187.107.26.81
132.203.226.13,6.55.170.30
132.203.226.13,6.55.170.30
132.203.226.13,6.55.170.30
105.1.16.234,255.31.198.35
202.71.19.255,237.242.77.78
202.71.19.255,237.242.77.78
202.71.19.255,237.242.77.78
202.71.19.255,237.242.77.78
71.165.44.1,161.179.185.166
71.165.44.1,161.179.185.166
71.165.44.1,161.179.185.166
69.35.235.5,168.250.166.226
69.35.235.5,168.250.166.226
69.35.235.5,168.250.166.226
69.35.235.5,168.250.166.226
69.35.235.5,168.250.166.226
69.35.235.5,168.250.166.226
69.35.235.5,168.250.166.226
69.35.235.5,168.250.166.226
236.12.152.24,12.103.102.52
236.12.152.24,12.103.102.52
145.5.94.10,78.116.86.143
145.5.94.10,78.116.86.143
11.185.253.129,51.65.62.114
11.185.253.129,51.65.62.114
200.219.50.201,91.32.239.84
88.123.50.228,71.215.216.157
55.92.72.148,189.216.145.63
217.189.143.173,75.135.119.219
56.253.191.153,9.218.246.93
56.253.191.153,9.218.246.93
56.253.191.153,9.218.246.93
56.253.191.153,9.218.246.93
168.83.110.102,65.48.21.89
168.83.110.102,65.48.21.89
168.83.110.102,65.48.21.89
255.129.210.198,219.1.38.103
255.129.210.198,219.1.38.103
168.83.110.102,65.48.21.89
229.92.29.242,103.225.237.61
229.92.29.242,103.225.237.61
229.92.29.242,103.225.237.61
229.92.29.242,103.225.237.61
139.109.235.191,99.210.236.1
139.109.235.191,99.210.236.1
200.219.50.201,91.32.239.84
200.219.50.201,91.32.239.84
200.219.50.201,91.32.239.84
200.219.50.201,91.32.239.84
236.12.152.24,12.103.102.52
236.12.152.24,12.103.102.52
105.1.16.234,255.31.198.35
186.31.170.59,181.139.247.82
60.7.7.115,197.226.176.151
60.7.7.115,197.226.176.151
5.10.121.73,196.224.119.244
113.213.10.244,216.120.124.112
42.61.63.181,237.242.34.248
20.216.47.135,44.139.239.70
109.39.112.221,128.114.175.179
236.12.152.24,12.103.102.52
236.12.152.24,12.103.102.52
20.216.47.135,44.139.239.70
20.216.47.135,44.139.239.70
200.60.99.149,98.163.116.118
200.60.99.149,98.163.116.118
180.208.21.16,207.9.115.238
180.208.21.16,207.9.115.238
200.219.50.201,91.32.239.84
200.219.50.201,91.32.239.84
200.219.50.201,91.32.239.84
200.219.50.201,91.32.239.84
251.223.66.113,172.123.186.250
251.223.66.113,172.123.186.250
105.1.16.234,255.31.198.35
105.1.16.234,255.31.198.35
33.20.208.31,102.53.199.197
236.12.152.24,12.103.102.52
236.12.152.24,12.103.102.52
180.46.213.158,107.106.19.162
96.112.166.182,227.101.166.34
200.219.50.201,91.32.239.84
39.17.181.195,92.109.127.178
200.219.50.201,91.32.239.84
200.219.50.201,91.32.239.84
251.41.49.56,80.186.105.42
99.34.191.170,97.125.185.183
229.92.29.242,103.225.237.61
229.92.29.242,103.225.237.61
229.92.29.242,103.225.237.61
80.195.159.183,15.112.41.192
80.195.159.183,15.112.41.192
80.195.159.183,15.112.41.192
105.1.16.234,255.31.198.35
90.109.93.249,110.146.65.41
90.109.93.249,110.146.65.41
72.163.164.101,166.93.127.250
72.163.164.101,166.93.127.250
123.42.87.116,143.22.30.238
123.42.87.116,143.22.30.238
200.219.50.201,91.32.239.84
200.219.50.201,91.32.239.84
200.219.50.201,91.32.239.84
200.219.50.201,91.32.239.84
105.1.16.234,255.31.198.35
105.1.16.234,255.31.198.35
25.136.206.132,219.219.227.189
25.136.206.132,219.219.227.189
25.136.206.132,219.219.227.189
200.219.50.201,91.32.239.84
90.109.93.249,110.146.65.41
90.109.93.249,110.146.65.41
200.219.50.201,91.32.239.84
246.161.182.200,183.224.5.21
246.161.182.200,183.224.5.21
246.161.182.200,183.224.5.21
152.61.101.144,241.25.64.95
102.193.45.209,51.18.135.36
102.193.45.209,51.18.135.36
102.193.45.209,51.18.135.36
155.120.175.55,66.160.205.164
155.120.175.55,66.160.205.164
220.169.177.172,75.244.103.204
1.251.78.186,163.59.207.235
69.35.235.5,168.250.166.226
181.84.50.248,105.239.192.203
181.84.50.248,105.239.192.203
139.109.235.191,99.210.236.1
139.109.235.191,99.210.236.1
139.109.235.191,99.210.236.1
200.219.50.201,91.32.239.84
200.219.50.201,91.32.239.84
200.219.50.201,91.32.239.84
200.219.50.201,91.32.239.84
181.84.50.248,105.239.192.203
181.84.50.248,105.239.192.203
196.57.54.176,32.129.21.124
196.57.54.176,32.129.21.124
196.57.54.176,32.129.21.124
196.57.54.176,32.129.21.124
196.57.54.176,32.129.21.124
196.57.54.176,32.129.21.124
202.71.19.255,237.242.77.78
35.58.220.111,85.89.176.228
35.58.220.111,85.89.176.228
35.58.220.111,85.89.176.228
49.105.106.178,226.41.217.160
49.105.106.178,226.41.217.160
49.105.106.178,226.41.217.160
49.105.106.178,226.41.217.160
248.210.232.136,100.19.235.105
202.71.19.255,237.242.77.78
248.89.202.167,175.155.181.212
248.89.202.167,175.155.181.212
105.207.93.167,102.44.190.61
105.207.93.167,102.44.190.61
105.207.93.167,102.44.190.61
200.219.50.201,91.32.239.84
200.219.50.201,91.32.239.84
200.219.50.201,91.32.239.84
153.115.161.99,16.27.208.107
200.207.50.128,148.202.202.100
200.219.50.201,91.32.239.84
200.219.50.201,91.32.239.84
202.71.19.255,237.242.77.78
193.183.197.52,6.222.132.158
193.183.197.52,6.222.132.158
200.219.50.201,91.32.239.84
200.219.50.201,91.32.239.84
11.185.253.129,51.65.62.114
11.185.253.129,51.65.62.114
11.185.253.129,51.65.62.114
11.185.253.129,51.65.62.114
11.185.253.129,51.65.62.114
251.223.66.113,172.123.186.250
251.223.66.113,172.123.186.250
253.78.121.127,244.111.32.141
95.100.41.35,185.113.96.21
125.61.150.192,118.187.248.143
125.61.150.192,118.187.248.143
125.61.150.192,118.187.248.143
125.61.150.192,118.187.248.143
133.238.45.216,103.61.86.223
133.238.45.216,103.61.86.223
133.238.45.216,103.61.86.223
133.238.45.216,103.61.86.223
130.113.222.161,131.80.19.190
130.113.222.161,131.80.19.190
198.217.248.197,126.142.77.75
200.219.50.201,91.32.239.84
200.219.50.201,91.32.239.84
200.219.50.201,91.32.239.84
200.219.50.201,91.32.239.84
105.1.16.234,255.31.198.35
105.253.21.15,136.199.113.32
105.253.21.15,136.199.113.32
105.253.21.15,136.199.113.32
105.253.21.15,136.199.113.32
155.120.175.55,66.160.205.164
200.219.50.201,91.32.239.84
69.35.235.5,168.250.166.226
208.104.91.254,235.233.234.35
208.104.91.254,235.233.234.35
208.104.91.254,235.233.234.35
208.104.91.254,235.233.234.35
150.36.49.165,151.36.48.51
150.36.49.165,151.36.48.51
143.167.102.139,189.118.17.198
143.167.102.139,189.118.17.198
181.84.50.248,105.239.192.203
181.84.50.248,105.239.192.203
90.138.118.121,123.12.219.60
90.138.118.121,123.12.219.60
202.62.98.75,18.159.43.134
16.40.80.247,202.96.144.156
16.40.80.247,202.96.144.156
229.92.29.242,103.225.237.61
149.200.180.6,15.151.15.110
211.195.34.65,239.255.135.154
211.195.34.65,239.255.135.154
211.195.34.65,239.255.135.154
220.86.43.250,72.115.110.138
220.86.43.250,72.115.110.138
220.86.43.250,72.115.110.138
133.238.45.216,103.61.86.223
143.167.102.139,189.118.17.198
80.195.159.183,15.112.41.192
80.195.159.183,15.112.41.192
80.195.159.183,15.112.41.192
53.233.66.217,28.63.148.54
133.238.45.216,103.61.86.223
133.238.45.216,103.61.86.223
133.238.45.216,103.61.86.223
133.238.45.216,103.61.86.223
249.205.242.37,129.232.21.206
249.205.242.37,129.232.21.206
249.205.242.37,129.232.21.206
200.219.50.201,91.32.239.84
200.219.50.201,91.32.239.84
176.131.236.125,107.17.180.236
200.219.50.201,91.32.239.84
200.219.50.201,91.32.239.84
200.219.50.201,91.32.239.84
228.149.121.191,241.112.93.211
27.4.72.223,120.75.253.74
200.219.50.201,91.32.239.84
214.3.4.236,36.115.175.92
214.3.4.236,36.115.175.92
211.195.34.65,239.255.135.154
211.195.34.65,239.255.135.154
133.238.45.216,103.61.86.223
35.58.220.111,85.89.176.228
35.58.220.111,85.89.176.228
170.238.64.106,119.22.17.167
170.238.64.106,119.22.17.167
15.173.93.85,57.149.92.143
15.173.93.85,57.149.92.143
15.173.93.85,57.149.92.143
105.1.16.234,255.31.198.35
200.219.50.201,91.32.239.84
200.219.50.201,91.32.239.84
200.219.50.201,91.32.239.84
234.131.96.200,247.122.221.125
251.223.66.113,172.123.186.250
251.223.66.113,172.123.186.250
251.223.66.113,172.123.186.250
139.158.207.48,146.227.29.250
168.83.110.102,65.48.21.89
168.83.110.102,65.48.21.89
213.19.6.115,147.131.47.229
166.88.96.38,74.137.13.205
166.88.96.38,74.137.13.205
89.255.118.170,142.173.20.13
220.169.177.172,75.244.103.204
220.169.177.172,75.244.103.204
220.169.177.172,75.244.103.204
220.169.177.172,75.244.103.204
220.169.177.172,75.244.103.204
132.203.226.13,6.55.170.30
132.203.226.13,6.55.170.30
208.104.91.254,235.233.234.35
208.104.91.254,235.233.234.35
236.12.152.24,12.103.102.52
105.253.21.15,136.199.113.32
105.253.21.15,136.199.113.32
105.253.21.15,136.199.113.32
105.253.21.15,136.199.113.32
105.253.21.15,136.199.113.32
105.253.21.15,136.199.113.32
105.253.21.15,136.199.113.32
14.202.240.240,232.180.82.88
200.219.50.201,91.32.239.84
30.19.63.254,174.50.219.170
30.19.63.254,174.50.219.170
69.107.174.52,187.107.26.81
202.71.19.255,237.242.77.78
202.71.19.255,237.242.77.78
200.219.50.201,91.32.239.84
200.219.50.201,91.32.239.84
133.238.21.250,213.206.135.129
56.253.191.153,9.218.246.93
56.253.191.153,9.218.246.93
56.253.191.153,9.218.246.93
105.124.29.149,146.50.179.197
105.124.29.149,146.50.179.197
105.124.29.149,146.50.179.197
105.124.29.149,146.50.179.197
246.161.182.200,183.224.5.21
181.84.50.248,105.239.192.203
181.84.50.248,105.239.192.203
30.19.63.254,174.50.219.170
52.142.198.211,26.79.178.43
52.142.198.211,26.79.178.43
52.142.198.211,26.79.178.43
200.67.205.104,199.21.253.132
251.223.66.113,172.123.186.250
20.216.47.135,44.139.239.70
148.231.163.225,36.11.110.87
148.231.163.225,36.11.110.87
148.231.163.225,36.11.110.87
182.156.192.74,59.111.233.114
182.156.192.74,59.111.233.114
200.219.50.201,91.32.239.84
139.109.235.191,99.210.236.1
230.199.98.127,57.106.84.186
230.199.98.127,57.106.84.186
181.84.50.248,105.239.192.203
181.84.50.248,105.239.192.203
155.120.175.55,66.160.205.164
155.120.175.55,66.160.205.164
166.88.96.38,74.137.13.205
133.238.45.216,103.61.86.223
170.196.53.146,57.243.25.4
200.60.99.149,98.163.116.118
200.60.99.149,98.163.116.118
200.60.99.149,98.163.116.118
210.11.254.76,136.198.221.104
132.203.226.13,6.55.170.30
132.203.226.13,6.55.170.30
132.203.226.13,6.55.170.30
132.203.226.13,6.55.170.30
20.177.47.88,38.245.224.78
20.177.47.88,38.245.224.78
236.12.152.24,12.103.102.52
236.12.152.24,12.103.102.52
236.12.152.24,12.103.102.52
236.12.152.24,12.103.102.52
34.27.233.240,211.192.157.128
57.69.44.10,176.230.19.138
57.69.44.10,176.230.19.138
72.163.164.101,166.93.127.250
180.46.213.158,107.106.19.162
200.207.50.128,148.202.202.100
29.218.199.235,86.177.95.35
102.169.188.18,7.57.143.253
230.199.98.127,57.106.84.186
69.35.235.5,168.250.166.226
69.35.235.5,168.250.166.226
94.108.221.142,52.182.51.249
139.81.227.64,242.82.42.97
139.81.227.64,242.82.42.97
58.92.126.232,152.133.75.37
58.92.126.232,152.133.75.37
28.204.68.230,39.102.34.232
28.204.68.230,39.102.34.232
28.204.68.230,39.102.34.232
28.204.68.230,39.102.34.232
206.16.30.135,225.66.15.16
177.238.244.132,1.142.127.216
177.238.244.132,1.142.127.216
206.16.30.135,225.66.15.16
139.109.235.191,99.210.236.1
139.109.235.191,99.210.236.1
24.178.143.159,240.151.50.122
24.178.143.159,240.151.50.122
24.178.143.159,240.151.50.122
24.178.143.159,240.151.50.122
24.178.143.159,240.151.50.122
95.100.41.35,185.113.96.21
95.100.41.35,185.113.96.21
95.100.41.35,185.113.96.21
190.192.231.111,84.103.236.248
45.177.16.163,19.3.66.65
45.177.16.163,19.3.66.65
45.177.16.163,19.3.66.65
45.177.16.163,19.3.66.65
20.109.125.37,220.206.32.84
32.178.74.148,122.13.102.40
32.178.74.148,122.13.102.40
105.207.93.167,102.44.190.61
105.207.93.167,102.44.190.61
200.219.50.201,91.32.239.84
200.219.50.201,91.32.239.84
200.219.50.201,91.32.239.84
200.219.50.201,91.32.239.84
132.203.226.13,6.55.170.30
132.203.226.13,6.55.170.30
231.76.91.137,52.127.241.66
226.255.204.243,209.101.153.139
57.143.183.137,200.104.192.40
57.143.183.137,200.104.192.40
57.143.183.137,200.104.192.40
236.12.152.24,12.103.102.52
236.12.152.24,12.103.102.52
236.12.152.24,12.103.102.52
217.216.20.88,224.44.87.6
217.216.20.88,224.44.87.6
133.238.45.216,103.61.86.223
139.109.235.191,99.210.236.1
200.219.50.201,91.32.239.84
200.219.50.201,91.32.239.84
200.219.50.201,91.32.239.84
200.219.50.201,91.32.239.84
200.219.50.201,91.32.239.84
200.219.50.201,91.32.239.84
28.204.68.230,39.102.34.232
155.120.175.55,66.160.205.164
155.120.175.55,66.160.205.164
155.120.175.55,66.160.205.164
155.120.175.55,66.160.205.164
80.48.9.164,98.250.234.190
80.48.9.164,98.250.234.190
200.219.50.201,91.32.239.84
200.219.50.201,91.32.239.84
200.219.50.201,91.32.239.84
90.109.93.249,110.146.65.41
90.109.93.249,110.146.65.41
90.109.93.249,110.146.65.41
139.109.235.191,99.210.236.1
139.109.235.191,99.210.236.1
202.71.19.255,237.242.77.78
202.71.19.255,237.242.77.78
200.219.50.201,91.32.239.84
217.108.249.222,145.206.88.194
217.108.249.222,145.206.88.194
105.253.21.15,136.199.113.32
251.223.66.113,172.123.186.250
251.223.66.113,172.123.186.250
180.208.21.16,207.9.115.238
52.142.198.211,26.79.178.43
213.19.6.115,147.131.47.229
213.19.6.115,147.131.47.229
213.19.6.115,147.131.47.229
105.1.16.234,255.31.198.35
105.1.16.234,255.31.198.35
105.1.16.234,255.31.198.35
184.67.60.188,242.188.48.190
196.57.54.176,32.129.21.124
196.57.54.176,32.129.21.124
196.57.54.176,32.129.21.124
88.123.50.228,71.215.216.157
88.123.50.228,71.215.216.157
88.123.50.228,71.215.216.157
54.35.119.69,33.204.55.230
200.219.50.201,91.32.239.84
200.219.50.201,91.32.239.84
200.219.50.201,91.32.239.84
133.238.45.216,103.61.86.223
133.238.45.216,103.61.86.223
133.238.45.216,103.61.86.223
104.64.12.183,85.162.204.36
132.203.226.13,6.55.170.30
42.41.10.160,124.15.223.162
42.41.10.160,124.15.223.162
25.136.206.132,219.219.227.189
194.54.209.12,123.55.171.198
194.54.209.12,123.55.171.198
194.54.209.12,123.55.171.198
194.54.209.12,123.55.171.198
236.12.152.24,12.103.102.52
236.12.152.24,12.103.102.52
251.223.66.113,172.123.186.250
251.223.66.113,172.123.186.250
251.223.66.113,172.123.186.250
6.29.66.98,148.88.183.239
6.29.66.98,148.88.183.239
6.29.66.98,148.88.183.239
125.61.150.192,118.187.248.143
125.61.150.192,118.187.248.143
200.219.50.201,91.32.239.84
200.219.50.201,91.32.239.84
132.203.226.13,6.55.170.30
200.219.50.201,91.32.239.84
200.219.50.201,91.32.239.84
200.219.50.201,91.32.239.84
211.67.101.238,123.91.1.140
121.97.0.153,37.230.186.140
75.132.29.84,118.30.100.139
75.132.29.84,118.30.100.139
75.132.29.84,118.30.100.139
105.207.93.167,102.44.190.61
16.40.80.247,202.96.144.156
89.255.118.170,142.173.20.13
89.255.118.170,142.173.20.13
89.255.118.170,142.173.20.13
89.255.118.170,142.173.20.13
144.153.29.110,16.177.10.231
245.157.90.56,250.202.199.205
245.157.90.56,250.202.199.205
69.35.235.5,168.250.166.226
130.113.222.161,131.80.19.190
130.113.222.161,131.80.19.190
130.113.222.161,131.80.19.190
130.113.222.161,131.80.19.190
130.113.222.161,131.80.19.190
130.113.222.161,131.80.19.190
130.113.222.161,131.80.19.190
23.168.68.172,140.3.74.63
11.216.205.33,240.228.195.228
11.216.205.33,240.228.195.228
11.216.205.33,240.228.195.228
227.112.45.183,194.21.226.45
132.203.226.13,6.55.170.30
132.203.226.13,6.55.170.30
132.203.226.13,6.55.170.30
132.203.226.13,6.55.170.30
132.203.226.13,6.55.170.30
132.203.226.13,6.55.170.30
132.203.226.13,6.55.170.30
132.203.226.13,6.55.170.30
105.124.29.149,146.50.179.197
90.120.120.245,32.251.223.230
5.10.121.73,196.224.119.244
196.57.54.176,32.129.21.124
202.71.19.255,237.242.77.78
202.71.19.255,237.242.77.78
202.71.19.255,237.242.77.78
179.7.181.37,19.4.189.34
255.129.210.198,219.1.38.103
255.129.210.198,219.1.38.103
255.129.210.198,219.1.38.103
28.204.68.230,39.102.34.232
208.104.91.254,235.233.234.35
130.113.222.161,131.80.19.190
130.113.222.161,131.80.19.190
130.113.222.161,131.80.19.190
32.168.192.62,65.211.130.24
32.168.192.62,65.211.130.24
139.109.235.191,99.210.236.1
139.109.235.191,99.210.236.1
55.92.72.148,189.216.145.63
55.92.72.148,189.216.145.63
55.92.72.148,189.216.145.63
55.92.72.148,189.216.145.63
55.92.72.148,189.216.145.63
97.45.213.192,198.99.180.229
97.45.213.192,198.99.180.229
97.45.213.192,198.99.180.229
97.45.213.192,198.99.180.229
251.41.49.56,80.186.105.42
200.219.50.201,91.32.239.84
200.219.50.201,91.32.239.84
200.219.50.201,91.32.239.84
200.219.50.201,91.32.239.84
200.219.50.201,91.32.239.84
202.71.19.255,237.242.77.78
123.42.87.116,143.22.30.238
123.42.87.116,143.22.30.238
105.1.16.234,255.31.198.35
186.144.170.244,29.162.151.185
35.58.220.111,85.89.176.228
190.225.37.26,132.17.201.66
190.225.37.26,132.17.201.66
190.225.37.26,132.17.201.66
139.109.235.191,99.210.236.1
170.144.22.99,39.181.127.80
105.1.16.234,255.31.198.35
105.1.16.234,255.31.198.35
105.1.16.234,255.31.198.35
105.1.16.234,255.31.198.35
105.1.16.234,255.31.198.35
105.1.16.234,255.31.198.35
180.73.33.201,60.113.142.108
180.73.33.201,60.113.142.108
226.53.111.76,240.50.25.185
226.53.111.76,240.50.25.185
69.107.174.52,187.107.26.81
69.107.174.52,187.107.26.81
69.107.174.52,187.107.26.81
89.255.118.170,142.173.20.13
202.71.19.255,237.242.77.78
202.71.19.255,237.242.77.78
202.71.19.255,237.242.77.78
202.71.19.255,237.242.77.78
21.185.178.255,16.63.219.97
177.238.244.132,1.142.127.216
177.238.244.132,1.142.127.216
177.238.244.132,1.142.127.216
1.215.177.153,93.46.119.109
28.204.68.230,39.102.34.232
50.230.23.131,119.150.176.76
15.173.93.85,57.149.92.143
15.173.93.85,57.149.92.143
15.173.93.85,57.149.92.143
19.71.224.139,38.254.4.182
19.71.224.139,38.254.4.182
107.48.163.25,217.79.133.232
107.48.163.25,217.79.133.232
80.48.9.164,98.250.234.190
80.48.9.164,98.250.234.190
80.48.9.164,98.250.234.190
200.219.50.201,91.32.239.84
200.219.50.201,91.32.239.84
5.10.121.73,196.224.119.244
5.10.121.73,196.224.119.244
5.10.121.73,196.224.119.244
228.149.121.191,241.112.93.211
28.204.68.230,39.102.34.232
28.204.68.230,39.102.34.232
28.204.68.230,39.102.34.232
28.204.68.230,39.102.34.232
139.109.235.191,99.210.236.1
139.109.235.191,99.210.236.1
139.109.235.191,99.210.236.1
200.219.50.201,91.32.239.84
177.238.244.132,1.142.127.216
177.238.244.132,1.142.127.216
200.219.50.201,91.32.239.84
200.219.50.201,91.32.239.84
54.210.130.96,147.29.72.93
54.210.130.96,147.29.72.93
37.132.103.191,13.115.116.57
196.57.54.176,32.129.21.124
196.57.54.176,32.129.21.124
196.57.54.176,32.129.21.124
196.57.54.176,32.129.21.124
196.57.54.176,32.129.21.124
200.219.50.201,91.32.239.84
200.219.50.201,91.32.239.84
200.219.50.201,91.32.239.84
200.207.50.128,148.202.202.100
200.207.50.128,148.202.202.100
150.36.49.165,151.36.48.51
125.61.150.192,118.187.248.143
200.219.50.201,91.32.239.84
25.136.206.132,219.219.227.189
220.86.43.250,72.115.110.138
200.207.50.128,148.202.202.100
200.207.50.128,148.202.202.100
200.207.50.128,148.202.202.100
200.207.50.128,148.202.202.100
200.207.50.128,148.202.202.100
200.219.50.201,91.32.239.84
200.219.50.201,91.32.239.84
200.219.50.201,91.32.239.84
200.219.50.201,91.32.239.84
200.219.50.201,91.32.239.84
71.105.78.107,143.177.18.207
132.203.226.13,6.55.170.30
163.55.54.243,78.88.93.177
206.24.97.86,154.12.140.20
242.162.181.109,126.126.236.67
196.57.54.176,32.129.21.124
196.57.54.176,32.129.21.124
196.57.54.176,32.129.21.124
196.57.54.176,32.129.21.124
205.190.4.122,103.138.215.17
205.190.4.122,103.138.215.17
200.219.50.201,91.32.239.84
200.219.50.201,91.32.239.84
214.3.4.236,36.115.175.92
4.143.140.69,70.151.182.55
200.219.50.201,91.32.239.84
200.219.50.201,91.32.239.84
200.219.50.201,91.32.239.84
87.19.184.95,124.218.3.14
200.219.50.201,91.32.239.84
162.154.6.145,50.85.187.122
162.154.6.145,50.85.187.122
162.154.6.145,50.85.187.122
82.102.163.60,177.16.114.70
82.102.163.60,177.16.114.70
82.102.163.60,177.16.114.70
82.102.163.60,177.16.114.70
88.123.50.228,71.215.216.157
32.178.74.148,122.13.102.40
105.1.16.234,255.31.198.35
208.104.91.254,235.233.234.35
208.104.91.254,235.233.234.35
120.253.45.116,237.214.30.50
181.84.50.248,105.239.192.203
181.84.50.248,105.239.192.203
181.84.50.248,105.239.192.203
181.84.50.248,105.239.192.203
181.84.50.248,105.239.192.203
181.84.50.248,105.239.192.203
181.84.50.248,105.239.192.203
105.1.16.234,255.31.198.35
105.1.16.234,255.31.198.35
251.223.66.113,172.123.186.250
251.223.66.113,172.123.186.250
251.223.66.113,172.123.186.250
251.223.66.113,172.123.186.250
251.223.66.113,172.123.186.250
105.124.29.149,146.50.179.197
105.124.29.149,146.50.179.197
105.124.29.149,146.50.179.197
105.124.29.149,146.50.179.197
105.124.29.149,146.50.179.197
251.223.66.113,172.123.186.250
236.12.152.24,12.103.102.52
236.12.152.24,12.103.102.52
244.185.242.224,221.65.45.253
244.185.242.224,221.65.45.253
244.185.242.224,221.65.45.253
244.185.242.224,221.65.45.253
244.185.242.224,221.65.45.253
244.185.242.224,221.65.45.253
244.185.242.224,221.65.45.253
244.185.242.224,221.65.45.253
244.185.242.224,221.65.45.253
139.109.235.191,99.210.236.1
144.212.241.148,205.123.126.79
34.207.0.6,66.252.154.215
34.207.0.6,66.252.154.215
34.207.0.6,66.252.154.215
122.156.156.203,225.84.144.135
167.5.137.141,138.250.97.14
177.238.244.132,1.142.127.216
20.216.47.135,44.139.239.70
65.101.199.48,73.232.147.95
208.104.91.254,235.233.234.35
7.30.0.140,17.251.221.226
7.30.0.140,17.251.221.226
105.207.93.167,102.44.190.61
182.11.83.92,136.231.78.80
202.71.19.255,237.242.77.78
202.71.19.255,237.242.77.78
200.219.50.201,91.32.239.84
78.113.229.21,193.93.210.233
78.113.229.21,193.93.210.233
92.169.231.37,21.28.168.38
92.169.231.37,21.28.168.38
217.108.249.222,145.206.88.194
217.108.249.222,145.206.88.194
130.113.222.161,131.80.19.190
130.113.222.161,131.80.19.190
130.113.222.161,131.80.19.190
130.113.222.161,131.80.19.190
130.113.222.161,131.80.19.190
130.113.222.161,131.80.19.190
130.113.222.161,131.80.19.190
130.113.222.161,131.80.19.190
130.113.222.161,131.80.19.190
130.113.222.161,131.80.19.190
130.113.222.161,131.80.19.190
202.109.76.50,122.77.27.34
236.12.152.24,12.103.102.52
236.12.152.24,12.103.102.52
236.12.152.24,12.103.102.52
5.10.121.73,196.224.119.244
5.10.121.73,196.224.119.244
5.10.121.73,196.224.119.244
200.219.50.201,91.32.239.84
133.238.45.216,103.61.86.223
80.229.248.172,173.234.3.209
80.229.248.172,173.234.3.209
5.10.121.73,196.224.119.244
5.10.121.73,196.224.119.244
5.10.121.73,196.224.119.244
251.223.66.113,172.123.186.250
251.223.66.113,172.123.186.250
251.223.66.113,172.123.186.250
39.17.181.195,92.109.127.178
39.17.181.195,92.109.127.178
200.219.50.201,91.32.239.84
200.219.50.201,91.32.239.84
110.86.187.85,118.135.173.242
110.86.187.85,118.135.173.242
110.86.187.85,118.135.173.242
95.2.201.124,139.12.125.26
95.2.201.124,139.12.125.26
200.219.50.201,91.32.239.84
155.169.182.94,37.104.51.169
155.169.182.94,37.104.51.169
