YEAR,MONTH,DAY,HOUR,MINUTE,MAGNITUDE
1994,1,17,12,30,6.7
1994,1,17,12,31,5.5
1994,1,17,12,32,3.3
1994,1,17,12,34,4.2
1994,1,17,12,36,3.8
1994,1,17,12,37,3.7
1994,1,17,12,39,4.4
1994,1,17,12,40,3.5
1994,1,17,12,40,4.3
1994,1,17,12,41,4
1994,1,17,12,42,3.4
1994,1,17,12,43,3.6
1994,1,17,12,46,3.5
1994,1,17,12,46,3.3
1994,1,17,12,49,3.8
1994,1,17,12,51,3.8
1994,1,17,12,55,4.1
1994,1,17,12,57,3.7
1994,1,17,12,59,3.7
1994,1,17,13,1,3.8
1994,1,17,13,1,3.1
1994,1,17,13,6,4.6
1994,1,17,13,8,3.6
1994,1,17,13,17,3.6
1994,1,17,13,22,3.9
1994,1,17,13,23,3.1
1994,1,17,13,25,3.4
1994,1,17,13,25,3.5
1994,1,17,13,26,4.7
1994,1,17,13,28,3.5
1994,1,17,13,29,3.8
1994,1,17,13,32,3.7
1994,1,17,13,32,3.1
1994,1,17,13,37,0
1994,1,17,13,37,3.9
1994,1,17,13,44,3.8
1994,1,17,13,45,3.9
1994,1,17,13,46,3.4
1994,1,17,13,56,4.4
1994,1,17,13,58,3
1994,1,17,14,0,3.2
1994,1,17,14,3,3.7
1994,1,17,14,6,3.7
1994,1,17,14,8,3.8
1994,1,17,14,14,4.4
1994,1,17,14,16,2.9
1994,1,17,14,17,2.6
1994,1,17,14,19,2.6
1994,1,17,14,19,2.6
1994,1,17,14,20,2.8
1994,1,17,14,21,2.7
1994,1,17,14,22,2.3
1994,1,17,14,22,2.6
1994,1,17,14,22,3
1994,1,17,14,23,0
1994,1,17,14,24,2.6
1994,1,17,14,26,3.8
1994,1,17,14,28,3.9
1994,1,17,14,29,1.9
1994,1,17,14,31,3.2
1994,1,17,14,33,3.3
1994,1,17,14,37,3
1994,1,17,14,45,3.2
1994,1,17,14,47,2.4
1994,1,17,14,48,2.6
1994,1,17,14,48,3.1
1994,1,17,14,50,3.8
1994,1,17,15,0,3.1
1994,1,17,15,3,3.1
1994,1,17,15,3,3.2
1994,1,17,15,7,4.2
1994,1,17,15,7,4.2
1994,1,17,15,9,2.3
1994,1,17,15,10,3.9
1994,1,17,15,12,2.9
1994,1,17,15,14,3.9
1994,1,17,15,15,3.2
1994,1,17,15,16,3.2
1994,1,17,15,20,3.4
1994,1,17,15,24,3.5
1994,1,17,15,29,3
1994,1,17,15,42,3.9
1994,1,17,15,43,3.1
1994,1,17,15,44,2.3
1994,1,17,15,45,3.9
1994,1,17,15,45,3.8
1994,1,17,15,49,3.2
1994,1,17,15,50,3.4
1994,1,17,15,50,0
1994,1,17,15,54,4.8
1994,1,17,16,16,3.8
1994,1,17,16,19,3.6
1994,1,17,16,21,3
1994,1,17,16,22,3.4
1994,1,17,16,26,3.3
1994,1,17,16,31,3.2
1994,1,17,16,32,2.4
1994,1,17,16,40,3.1
1994,1,17,16,42,2.9
1994,1,17,16,42,2.9
1994,1,17,16,44,3.1
1994,1,17,16,45,3.1
1994,1,17,16,49,3.3
1994,1,17,17,4,3
1994,1,17,17,9,3.2
1994,1,17,17,18,3
1994,1,17,17,21,3.5
1994,1,17,17,24,2.9
1994,1,17,17,25,2.8
1994,1,17,17,27,2.9
1994,1,17,17,29,3
1994,1,17,17,35,2.9
1994,1,17,17,38,2.8
1994,1,17,17,42,2.8
1994,1,17,17,43,3.1
1994,1,17,17,47,2.7
1994,1,17,17,50,2.7
1994,1,17,17,56,4.6
1994,1,17,17,58,2
1994,1,17,17,58,3.2
1994,1,17,18,14,3
1994,1,17,18,20,3.5
1994,1,17,18,22,3.2
1994,1,17,18,32,3.8
1994,1,17,18,39,3.1
1994,1,17,19,7,3.3
1994,1,17,19,12,2.7
1994,1,17,19,14,2.7
1994,1,17,19,23,3.6
1994,1,17,19,25,2.9
1994,1,17,19,28,2.7
1994,1,17,19,35,4
1994,1,17,19,43,4.1
1994,1,17,19,50,3.1
1994,1,17,19,54,3
1994,1,17,19,56,3.4
1994,1,17,19,58,3.6
1994,1,17,20,2,3.9
1994,1,17,20,5,3.8
1994,1,17,20,8,3.3
1994,1,17,20,11,3.8
1994,1,17,20,17,3.7
1994,1,17,20,23,3
1994,1,17,20,24,3.1
1994,1,17,20,31,3
1994,1,17,20,35,2.5
1994,1,17,20,38,3.4
1994,1,17,20,39,3.7
1994,1,17,20,44,3.1
1994,1,17,20,46,4.9
1994,1,17,20,50,3.8
1994,1,17,20,57,3.1
1994,1,17,21,2,3.1
1994,1,17,21,7,2.6
1994,1,17,21,9,2.7
1994,1,17,21,13,2.3
1994,1,17,21,14,2.4
1994,1,17,21,16,2.8
1994,1,17,21,20,2.7
1994,1,17,21,27,2.7
1994,1,17,21,31,2.4
1994,1,17,21,34,3.1
1994,1,17,21,44,2.4
1994,1,17,21,46,3
1994,1,17,21,49,2.9
1994,1,17,21,52,2.8
1994,1,17,21,56,2.9
1994,1,17,21,59,2.9
1994,1,17,22,11,3.5
1994,1,17,22,17,2.7
1994,1,17,22,21,3.5
1994,1,17,22,24,3.5
1994,1,17,22,37,2.9
1994,1,17,22,44,3
1994,1,17,22,45,2.9
1994,1,17,22,50,3.5
1994,1,17,22,57,3.5
1994,1,17,23,9,3.1
1994,1,17,23,13,2.6
1994,1,17,23,15,2.9
1994,1,17,23,33,5.6
1994,1,17,23,40,3.2
1994,1,17,23,42,2.8
1994,1,17,23,43,2.9
1994,1,17,23,44,3.1
1994,1,17,23,49,4
1994,1,17,23,53,2.7
1994,1,17,23,56,2.9
1994,1,18,0,1,3.6
1994,1,18,0,5,2.9
1994,1,18,0,6,3.1
1994,1,18,0,12,3
1994,1,18,0,16,2.8
1994,1,18,0,30,2.7
1994,1,18,0,32,2.6
1994,1,18,0,36,3.9
1994,1,18,0,39,4.4
1994,1,18,0,43,5.3
1994,1,18,0,54,3.3
1994,1,18,1,0,3.2
1994,1,18,1,17,3.6
1994,1,18,1,26,2.6
1994,1,18,1,31,2.6
1994,1,18,1,38,3
1994,1,18,1,43,2.8
1994,1,18,1,52,2.8
1994,1,18,1,54,2.8
1994,1,18,2,6,3.1
1994,1,18,2,15,3
1994,1,18,2,18,3
1994,1,18,2,20,2.7
1994,1,18,2,26,2.9
1994,1,18,2,28,2.8
1994,1,18,2,37,2.7
1994,1,18,2,49,2.7
1994,1,18,2,53,3.3
1994,1,18,3,5,2.5
1994,1,18,3,8,2.6
1994,1,18,3,11,2.9
1994,1,18,3,21,2.7
1994,1,18,3,27,2.8
1994,1,18,3,34,3.5
1994,1,18,4,1,4.3
1994,1,18,4,31,3.7
1994,1,18,4,43,3.6
1994,1,18,5,1,3
1994,1,18,5,31,3
1994,1,18,6,29,3.8
1994,1,18,6,42,3.4
1994,1,18,6,45,3.3
1994,1,18,6,50,3
1994,1,18,7,8,2.6
1994,1,18,7,11,3.4
1994,1,18,7,23,4
1994,1,18,7,49,3.3
1994,1,18,7,53,3.5
1994,1,18,8,3,2.7
1994,1,18,8,11,2.9
1994,1,18,8,11,2.9
1994,1,18,8,12,3
1994,1,18,8,19,3.1
1994,1,18,8,45,2.6
1994,1,18,8,53,2.4
1994,1,18,8,57,2.7
1994,1,18,9,0,2.5
1994,1,18,9,12,3
1994,1,18,9,25,2.1
1994,1,18,9,35,2.8
1994,1,18,9,41,3.7
1994,1,18,9,44,3.3
1994,1,18,9,47,2.7
1994,1,18,10,5,2.8
1994,1,18,10,7,2.6
1994,1,18,10,9,3.1
1994,1,18,10,18,2.8
1994,1,18,10,39,2.5
1994,1,18,10,45,2.5
1994,1,18,10,49,3.1
1994,1,18,10,53,3
1994,1,18,11,13,3.3
1994,1,18,11,29,2.4
1994,1,18,11,35,4.2
1994,1,18,11,37,2.3
1994,1,18,12,7,2.9
1994,1,18,12,16,2.7
1994,1,18,12,23,2.5
1994,1,18,12,38,2.6
1994,1,18,12,41,2.7
1994,1,18,12,42,3.4
1994,1,18,12,42,3.2
1994,1,18,13,7,2.2
1994,1,18,13,9,2.6
1994,1,18,13,11,2.3
1994,1,18,13,23,3
1994,1,18,13,24,4.3
1994,1,18,13,27,2.6
1994,1,18,13,33,3.1
1994,1,18,13,34,3.3
1994,1,18,14,5,3.2
1994,1,18,14,6,2.2
1994,1,18,14,17,3.5
1994,1,18,14,20,2.5
1994,1,18,14,27,3.2
1994,1,18,14,28,2.3
1994,1,18,14,47,3.6
1994,1,18,14,54,2.2
1994,1,18,14,58,2.6
1994,1,18,15,1,3.5
1994,1,18,15,9,3.2
1994,1,18,15,12,2.3
1994,1,18,15,19,3.9
1994,1,18,15,23,4.8
1994,1,18,15,39,2.3
1994,1,18,15,41,2.1
1994,1,18,15,42,3.5
1994,1,18,15,48,2.3
1994,1,18,15,51,4
1994,1,18,15,54,2.4
1994,1,18,15,56,2.5
1994,1,18,16,1,2.3
1994,1,18,16,4,2.9
1994,1,18,16,8,2.8
1994,1,18,16,15,2.6
1994,1,18,16,36,2.4
1994,1,18,16,42,2.4
1994,1,18,16,48,2.7
1994,1,18,16,56,3
1994,1,18,16,58,2.8
1994,1,18,17,7,2.3
1994,1,18,17,9,2.6
1994,1,18,17,18,2.6
1994,1,18,17,23,2
1994,1,18,17,24,2.3
1994,1,18,17,34,2.9
1994,1,18,17,37,2.9
1994,1,18,17,45,2.1
1994,1,18,17,53,2.3
1994,1,18,17,54,2.2
1994,1,18,18,0,2.2
1994,1,18,18,2,2.1
1994,1,18,18,9,2.5
1994,1,18,18,12,2.5
1994,1,18,18,24,2.7
1994,1,18,18,24,1.9
1994,1,18,18,30,2.5
1994,1,18,18,34,2.2
1994,1,18,18,35,3.3
1994,1,18,18,35,3.4
1994,1,18,18,45,2.7
1994,1,18,19,24,3
1994,1,18,19,28,3.1
1994,1,18,19,56,2.5
1994,1,18,19,59,3.3
1994,1,18,20,7,3
1994,1,18,20,16,2.8
1994,1,18,20,24,3
1994,1,18,20,27,2.1
1994,1,18,20,35,2.7
1994,1,18,20,37,2.6
1994,1,18,20,53,2.7
1994,1,18,20,55,2.8
1994,1,18,20,57,2.1
1994,1,18,21,14,3.1
1994,1,18,21,20,2.5
1994,1,18,21,36,2.5
1994,1,18,21,49,2.4
1994,1,18,22,22,2.5
1994,1,18,22,36,2.2
1994,1,18,22,40,2.6
1994,1,18,22,40,2.5
1994,1,18,22,45,2.6
1994,1,18,22,52,2.3
1994,1,18,22,56,2.5
1994,1,18,22,59,2.2
1994,1,18,23,34,2.4
1994,1,18,23,40,2.4
1994,1,18,23,48,2.4
1994,1,19,0,2,2.4
1994,1,19,0,3,3.2
1994,1,19,0,31,2.4
1994,1,19,0,38,2.1
1994,1,19,0,47,2.3
1994,1,19,0,54,2.1
1994,1,19,1,9,2.6
1994,1,19,1,17,3
1994,1,19,1,24,2.9
1994,1,19,1,26,3.5
1994,1,19,1,33,2.5
1994,1,19,1,37,2.7
1994,1,19,1,39,2.2
1994,1,19,2,16,2.3
1994,1,19,2,18,2.3
1994,1,19,2,25,3.1
1994,1,19,2,28,2
1994,1,19,2,29,2.7
1994,1,19,2,37,2.6
1994,1,19,2,54,2.8
1994,1,19,3,9,2.6
1994,1,19,3,23,3.3
1994,1,19,3,31,2.8
1994,1,19,3,57,3.3
1994,1,19,4,15,2.5
1994,1,19,4,17,2.2
1994,1,19,4,22,2.3
1994,1,19,4,31,2.9
1994,1,19,4,40,4.3
1994,1,19,4,43,4.1
1994,1,19,4,46,1.9
1994,1,19,4,57,2.7
1994,1,19,5,6,2.9
1994,1,19,5,13,2.8
1994,1,19,5,14,3.6
1994,1,19,5,21,2.8
1994,1,19,5,25,2.6
1994,1,19,5,45,2.4
1994,1,19,6,11,2.6
1994,1,19,6,23,3.3
1994,1,19,6,25,2.4
1994,1,19,6,31,2.4
1994,1,19,6,42,2.3
1994,1,19,7,9,2.4
1994,1,19,7,11,2.1
1994,1,19,7,14,4
1994,1,19,7,15,2.6
1994,1,19,7,17,2.2
1994,1,19,7,29,2.5
1994,1,19,7,39,2.5
1994,1,19,7,44,2.5
1994,1,19,7,47,2.4
1994,1,19,7,49,2.2
1994,1,19,7,58,3.3
1994,1,19,8,24,3.3
1994,1,19,9,4,2.2
1994,1,19,9,5,2.5
1994,1,19,9,13,4.1
1994,1,19,9,19,2.6
1994,1,19,9,24,2.5
1994,1,19,9,36,2.6
1994,1,19,9,50,2.4
1994,1,19,10,11,2.7
1994,1,19,10,16,1.7
1994,1,19,10,24,1.9
1994,1,19,10,28,2.2
1994,1,19,10,34,1.8
1994,1,19,10,35,1.9
1994,1,19,10,36,1.9
1994,1,19,10,39,2.1
1994,1,19,10,40,2.3
1994,1,19,10,44,2.6
1994,1,19,10,47,2.7
1994,1,19,10,51,3.1
1994,1,19,10,56,1.5
1994,1,19,11,6,3.2
1994,1,19,11,10,2.4
1994,1,19,11,13,2.3
1994,1,19,11,26,2
1994,1,19,11,29,2.1
1994,1,19,11,32,2.3
1994,1,19,11,41,2.6
1994,1,19,11,46,2.3
1994,1,19,12,2,2.2
1994,1,19,12,7,2.3
1994,1,19,12,10,2.9
1994,1,19,12,15,2.9
1994,1,19,12,25,2
1994,1,19,12,31,2.3
1994,1,19,12,38,3.5
1994,1,19,12,46,2.5
1994,1,19,13,14,1.9
1994,1,19,13,15,1.6
1994,1,19,13,17,2.9
1994,1,19,13,36,1.6
1994,1,19,13,39,2.2
1994,1,19,13,44,2.5
1994,1,19,13,48,1.8
1994,1,19,14,9,4.5
1994,1,19,14,24,2
1994,1,19,14,27,2.2
1994,1,19,14,28,2.6
1994,1,19,14,44,2.2
1994,1,19,14,46,4
1994,1,19,14,48,2.5
1994,1,19,14,59,2.3
1994,1,19,15,2,2.2
1994,1,19,15,3,3.7
1994,1,19,15,14,2.4
1994,1,19,15,17,2.4
1994,1,19,15,22,2.3
1994,1,19,15,44,2
1994,1,19,15,46,2.2
1994,1,19,15,56,2
1994,1,19,15,56,1.8
1994,1,19,15,57,2.3
1994,1,19,16,3,2.2
1994,1,19,16,5,2.2
1994,1,19,16,6,1.7
1994,1,19,16,7,2.2
1994,1,19,16,16,2
1994,1,19,16,19,2.4
1994,1,19,16,22,1.8
1994,1,19,16,24,2
1994,1,19,16,26,1.9
1994,1,19,16,41,2.3
1994,1,19,16,42,2.2
1994,1,19,16,48,1.7
1994,1,19,16,53,1.7
1994,1,19,17,0,1.7
1994,1,19,17,2,2.9
1994,1,19,17,3,2.1
1994,1,19,17,16,2.4
1994,1,19,17,19,2.3
1994,1,19,17,30,2.1
1994,1,19,17,36,2.1
1994,1,19,17,38,2.4
1994,1,19,17,39,1.9
1994,1,19,17,44,2
1994,1,19,17,46,3.1
1994,1,19,18,4,2.1
1994,1,19,18,13,2
1994,1,19,18,22,2.2
1994,1,19,18,25,1.9
1994,1,19,18,33,1.9
1994,1,19,18,37,1.9
1994,1,19,18,39,2.5
1994,1,19,18,45,2.3
1994,1,19,18,52,2
1994,1,19,19,0,1.8
1994,1,19,19,1,2
1994,1,19,19,6,2.4
1994,1,19,19,10,2
1994,1,19,19,11,2.1
1994,1,19,19,11,1.9
1994,1,19,19,12,1.8
1994,1,19,19,17,2.1
1994,1,19,19,18,1.7
1994,1,19,19,22,2.4
1994,1,19,19,24,1.9
1994,1,19,19,32,2.6
1994,1,19,19,43,2.3
1994,1,19,19,45,2.6
1994,1,19,19,50,3.8
1994,1,19,20,0,2
1994,1,19,20,15,1.7
1994,1,19,20,16,1.8
1994,1,19,20,17,3.3
1994,1,19,20,23,2.2
1994,1,19,20,27,1.8
1994,1,19,20,40,2.2
1994,1,19,20,45,2.3
1994,1,19,20,47,2.3
1994,1,19,20,49,2
1994,1,19,20,53,2.1
1994,1,19,21,8,2.4
1994,1,19,21,9,5
1994,1,19,21,11,4.8
1994,1,19,21,13,2.9
1994,1,19,21,15,2.9
1994,1,19,21,17,3.1
1994,1,19,21,22,2.7
1994,1,19,21,26,2.9
1994,1,19,21,34,3.5
1994,1,19,21,37,2.8
1994,1,19,21,42,3.5
1994,1,19,21,54,2
1994,1,19,22,6,2.9
1994,1,19,22,17,2.6
1994,1,19,22,23,2.3
1994,1,19,22,24,2.9
1994,1,19,22,31,2.5
1994,1,19,22,44,2.5
1994,1,19,22,47,2
1994,1,19,22,49,2.4
1994,1,19,22,51,2.6
1994,1,19,22,59,3.2
1994,1,19,23,4,2.7
1994,1,19,23,6,2.8
1994,1,19,23,18,2.6
1994,1,19,23,26,1.7
1994,1,19,23,40,2.2
1994,1,19,23,44,2.4
1994,1,19,23,46,2.1
1994,1,19,23,50,2.1
1994,1,19,23,54,2.2
1994,1,19,23,57,2.1
1994,1,19,23,57,2.2
1994,1,19,23,59,3.2
1994,1,20,0,8,2.2
1994,1,20,0,12,2.2
1994,1,20,0,15,2.1
1994,1,20,0,18,2.2
1994,1,20,0,22,2.4
1994,1,20,0,26,1.9
1994,1,20,0,32,2.3
1994,1,20,0,49,1.9
1994,1,20,1,3,2.4
1994,1,20,1,17,2
1994,1,20,1,18,2.4
1994,1,20,1,41,2.8
1994,1,20,1,43,2.4
1994,1,20,1,48,2.2
1994,1,20,1,51,2.1
1994,1,20,2,4,1.6
1994,1,20,2,5,2.1
1994,1,20,2,19,2.7
1994,1,20,2,22,2.9
1994,1,20,2,26,2.3
1994,1,20,2,30,2
1994,1,20,2,31,2.1
1994,1,20,2,34,2
1994,1,20,2,35,3
1994,1,20,2,38,2
1994,1,20,2,39,2.5
1994,1,20,2,45,2.6
1994,1,20,2,57,2.4
1994,1,20,3,0,2.4
1994,1,20,3,1,2.6
1994,1,20,3,6,2.5
1994,1,20,3,14,2.6
1994,1,20,3,34,2
1994,1,20,3,55,2.6
1994,1,20,4,0,1.8
1994,1,20,4,2,1.8
1994,1,20,4,10,1.9
1994,1,20,4,10,1.7
1994,1,20,4,12,1.6
1994,1,20,4,22,2
1994,1,20,4,24,3
1994,1,20,4,32,2.8
1994,1,20,4,36,2.8
1994,1,20,4,39,2.4
1994,1,20,4,52,2.7
1994,1,20,4,54,2.6
1994,1,20,5,15,2
1994,1,20,5,16,1.9
1994,1,20,5,26,2.1
1994,1,20,5,32,1.9
1994,1,20,5,51,1.8
1994,1,20,5,53,1.9
1994,1,20,5,58,3.6
1994,1,20,6,0,2.1
1994,1,20,6,6,1.8
1994,1,20,6,10,1.8
1994,1,20,6,11,2.1
1994,1,20,6,19,2.2
1994,1,20,6,21,2
1994,1,20,6,23,2.5
1994,1,20,6,30,2.1
1994,1,20,6,34,1.9
1994,1,20,6,36,2.3
1994,1,20,6,57,1.9
1994,1,20,6,58,3.8
1994,1,20,7,0,3.3
1994,1,20,7,4,2.4
1994,1,20,7,16,1.9
1994,1,20,7,22,3.8
1994,1,20,7,24,2.5
1994,1,20,7,32,2.4
1994,1,20,7,35,2.1
1994,1,20,7,44,2
1994,1,20,7,50,2
1994,1,20,7,56,2.3
1994,1,20,8,3,2.4
1994,1,20,8,5,2.3
1994,1,20,8,7,1.8
1994,1,20,8,9,1.9
1994,1,20,8,14,1.8
1994,1,20,8,16,1.9
1994,1,20,8,25,1.9
1994,1,20,8,37,1.8
1994,1,20,8,41,2.2
1994,1,20,8,54,2.3
1994,1,20,8,58,3.3
1994,1,20,9,4,1.7
1994,1,20,9,11,2.4
1994,1,20,9,14,2.2
1994,1,20,9,31,1.6
1994,1,20,9,33,1.6
1994,1,20,9,36,1.8
1994,1,20,9,41,1.5
1994,1,20,9,43,1.8
1994,1,20,9,56,2.1
1994,1,20,9,57,2.7
1994,1,20,10,3,2.5
1994,1,20,10,7,2.8
1994,1,20,10,10,2.1
1994,1,20,10,20,1.8
1994,1,20,10,22,2.3
1994,1,20,10,24,1.9
1994,1,20,10,25,1.8
1994,1,20,10,28,1.9
1994,1,20,10,30,2
1994,1,20,10,33,2.1
1994,1,20,10,40,1.9
1994,1,20,10,49,1.7
1994,1,20,10,50,2.4
1994,1,20,11,6,3.1
1994,1,20,11,9,1.9
1994,1,20,11,13,1.9
1994,1,20,11,14,1.7
1994,1,20,11,27,2.5
1994,1,20,11,29,2.2
1994,1,20,11,31,2.1
1994,1,20,11,32,2.2
1994,1,20,11,36,2.8
1994,1,20,11,37,3.3
1994,1,20,11,38,2.2
1994,1,20,11,40,2
1994,1,20,11,42,2.1
1994,1,20,11,58,2.6
1994,1,20,12,18,2.2
1994,1,20,12,24,2.1
1994,1,20,12,26,3.3
1994,1,20,12,28,2
1994,1,20,12,31,1.9
1994,1,20,12,44,2.1
1994,1,20,13,0,2
1994,1,20,13,7,1.7
1994,1,20,13,22,1.7
1994,1,20,13,24,2.5
1994,1,20,13,27,2.1
1994,1,20,13,30,2.7
1994,1,20,13,34,1.8
1994,1,20,13,36,1.7
1994,1,20,13,42,2.2
1994,1,20,13,47,2.2
1994,1,20,13,56,3.2
1994,1,20,14,0,2.2
1994,1,20,14,3,2.4
1994,1,20,14,8,2.5
1994,1,20,14,12,2.4
1994,1,20,14,19,3.4
1994,1,20,14,22,2.6
1994,1,20,14,38,2.3
1994,1,20,14,52,2
1994,1,20,15,5,2.9
1994,1,20,15,11,2.8
1994,1,20,15,13,2
1994,1,20,15,23,2
1994,1,20,15,29,1.8
1994,1,20,15,45,2.1
1994,1,20,15,55,1.9
1994,1,20,15,57,2.4
1994,1,20,16,5,1.9
1994,1,20,16,9,1.8
1994,1,20,16,13,2.5
1994,1,20,16,15,2.6
1994,1,20,16,15,2.6
1994,1,20,16,24,1.8
1994,1,20,16,26,2.2
1994,1,20,16,30,1.7
1994,1,20,16,37,3
1994,1,20,16,41,2.8
1994,1,20,17,6,2.2
1994,1,20,17,8,1.8
1994,1,20,17,13,1.9
1994,1,20,17,15,2.1
1994,1,20,17,21,2.3
1994,1,20,17,28,1.7
1994,1,20,17,30,2
1994,1,20,17,36,2.8
1994,1,20,17,44,2.3
1994,1,20,17,47,1.9
1994,1,20,17,54,1.8
1994,1,20,18,10,2.5
1994,1,20,18,19,1.9
1994,1,20,18,27,1.7
1994,1,20,18,33,2.2
1994,1,20,18,34,1.7
1994,1,20,18,43,2.7
1994,1,20,18,48,3.3
1994,1,20,18,56,3
1994,1,20,18,59,2.2
1994,1,20,19,2,2.5
1994,1,20,19,18,1.9
1994,1,20,19,37,2.6
1994,1,20,19,43,2.1
1994,1,20,19,48,2.6
1994,1,20,19,50,1.9
1994,1,20,19,56,1.9
1994,1,20,20,11,2
1994,1,20,20,16,2
1994,1,20,20,25,1.9
1994,1,20,20,27,1.7
1994,1,20,20,30,1.6
1994,1,20,20,36,2
1994,1,20,20,39,2.2
1994,1,20,20,39,2.3
1994,1,20,20,42,3.1
1994,1,20,20,45,2.7
1994,1,20,20,48,3
1994,1,20,20,54,2.1
1994,1,20,20,58,2
1994,1,20,20,59,2.1
1994,1,20,21,1,2
1994,1,20,21,3,1.9
1994,1,20,21,7,2.4
1994,1,20,21,11,2
1994,1,20,21,15,1.8
1994,1,20,21,24,2.6
1994,1,20,21,26,2
1994,1,20,21,37,1.9
1994,1,20,21,38,2.6
1994,1,20,21,51,2.7
1994,1,20,21,58,2
1994,1,20,22,4,3.5
1994,1,20,22,20,2.1
1994,1,20,22,33,2
1994,1,20,22,43,1.9
1994,1,20,22,47,1.8
1994,1,20,22,48,1.7
1994,1,20,23,9,1.8
1994,1,20,23,14,1.9
1994,1,20,23,18,2.1
1994,1,20,23,32,2.1
1994,1,20,23,35,1.5
1994,1,20,23,44,1.8
1994,1,20,23,53,2.2
1994,1,20,23,55,1.7
1994,1,21,0,0,2.1
1994,1,21,0,1,1.5
1994,1,21,0,7,3.3
1994,1,21,0,9,3.1
1994,1,21,0,15,2.1
1994,1,21,0,26,2
1994,1,21,0,30,2.3
1994,1,21,0,32,1.9
1994,1,21,0,38,2.7
1994,1,21,0,57,2.1
1994,1,21,1,15,2.2
1994,1,21,1,21,2.6
1994,1,21,1,26,1.9
1994,1,21,1,28,2.6
1994,1,21,1,31,2
1994,1,21,1,35,3.1
1994,1,21,1,37,2
1994,1,21,1,38,2.1
1994,1,21,2,4,3.1
1994,1,21,2,6,2.9
1994,1,21,2,30,2.6
1994,1,21,2,31,2.2
1994,1,21,2,51,2.7
1994,1,21,2,55,2.5
1994,1,21,3,13,2.5
1994,1,21,3,35,3
1994,1,21,3,40,2
1994,1,21,3,47,2.5
1994,1,21,4,0,1.7
1994,1,21,4,2,2.1
1994,1,21,4,8,2.3
1994,1,21,4,20,1.7
1994,1,21,4,22,1.8
1994,1,21,4,23,1.8
1994,1,21,4,30,1.8
1994,1,21,4,32,1.9
1994,1,21,4,39,1.6
1994,1,21,4,48,2
1994,1,21,4,51,1.7
1994,1,21,4,51,1.7
1994,1,21,4,53,1.6
1994,1,21,4,55,2.7
1994,1,21,4,57,2
1994,1,21,5,6,2.3
1994,1,21,5,11,2
1994,1,21,5,14,2.2
1994,1,21,5,29,3
1994,1,21,5,37,2.2
1994,1,21,5,38,1.9
1994,1,21,5,39,1.7
1994,1,21,5,49,2.8
1994,1,21,5,56,3.4
1994,1,21,6,3,2.1
1994,1,21,6,13,2.2
1994,1,21,6,25,1.9
1994,1,21,6,28,2.2
1994,1,21,6,45,1.8
1994,1,21,7,2,1.6
1994,1,21,7,3,1.4
1994,1,21,7,9,1.8
1994,1,21,7,10,1.8
1994,1,21,7,24,1.7
1994,1,21,7,25,1.8
1994,1,21,7,36,1.7
1994,1,21,7,37,2.1
1994,1,21,7,42,2.2
1994,1,21,7,44,1.7
1994,1,21,7,46,1.9
1994,1,21,7,51,1.8
1994,1,21,7,53,2.8
1994,1,21,7,55,1.7
1994,1,21,7,55,1.7
1994,1,21,7,55,1.7
1994,1,21,8,8,1.9
1994,1,21,8,18,1.8
1994,1,21,8,20,1.6
1994,1,21,8,22,1.7
1994,1,21,8,24,1.9
1994,1,21,8,31,1.8
1994,1,21,8,36,1.8
1994,1,21,8,38,2
1994,1,21,8,40,3
1994,1,21,8,40,3
1994,1,21,8,42,2.9
1994,1,21,8,43,2
1994,1,21,8,50,2.1
1994,1,21,9,1,1.8
1994,1,21,9,4,1.9
1994,1,21,9,8,2
1994,1,21,9,17,2
1994,1,21,9,18,1.9
1994,1,21,9,26,2.1
1994,1,21,9,35,1.9
1994,1,21,9,45,1.8
1994,1,21,9,50,1.9
1994,1,21,9,57,2
1994,1,21,9,58,1.9
1994,1,21,10,1,0.5
1994,1,21,10,1,2.3
1994,1,21,10,7,1.9
1994,1,21,10,13,1.9
1994,1,21,10,18,2
1994,1,21,10,21,1.8
1994,1,21,10,26,1.8
1994,1,21,10,34,2
1994,1,21,10,37,2.4
1994,1,21,10,37,2.4
1994,1,21,10,43,2.8
1994,1,21,10,45,2.7
1994,1,21,10,51,1.8
1994,1,21,10,56,1.7
1994,1,21,11,4,2.3
1994,1,21,11,9,1.8
1994,1,21,11,11,2.1
1994,1,21,11,13,1.8
1994,1,21,11,14,2.7
1994,1,21,11,23,1.7
1994,1,21,11,31,2.6
1994,1,21,11,54,1.5
1994,1,21,11,56,1.7
1994,1,21,11,59,1.7
1994,1,21,12,7,1.9
1994,1,21,12,17,1.6
1994,1,21,12,18,1.7
1994,1,21,12,19,1.5
1994,1,21,12,25,1.6
1994,1,21,12,27,1.6
1994,1,21,12,28,1.6
1994,1,21,12,34,1.6
1994,1,21,12,42,1.5
1994,1,21,12,43,1.8
1994,1,21,12,43,3
1994,1,21,12,46,2
1994,1,21,12,47,2.7
1994,1,21,12,47,2.5
1994,1,21,12,55,2.4
1994,1,21,13,8,1.8
1994,1,21,13,9,2.3
1994,1,21,13,15,1.8
1994,1,21,13,16,1.6
1994,1,21,13,19,2.1
1994,1,21,13,22,2.8
1994,1,21,13,28,1.6
1994,1,21,13,33,1.8
1994,1,21,13,53,1.9
1994,1,21,14,7,1.7
1994,1,21,14,12,1.7
1994,1,21,14,23,1.6
1994,1,21,14,26,2.3
1994,1,21,14,37,1.8
1994,1,21,14,38,1.9
1994,1,21,14,46,1.9
1994,1,21,14,47,2.1
1994,1,21,15,9,1.8
1994,1,21,15,14,1.6
1994,1,21,15,25,1.5
1994,1,21,15,26,1.6
1994,1,21,15,34,2.1
1994,1,21,16,15,1.6
1994,1,21,16,16,1.8
1994,1,21,16,17,1.8
1994,1,21,16,22,1.8
1994,1,21,16,31,2.5
1994,1,21,16,51,1.6
1994,1,21,17,0,1.3
1994,1,21,17,12,2.1
1994,1,21,17,14,2
1994,1,21,17,21,1.8
1994,1,21,17,24,1.6
1994,1,21,17,30,1.7
1994,1,21,17,32,2.5
1994,1,21,17,35,1.8
1994,1,21,17,37,2.4
1994,1,21,17,41,2.2
1994,1,21,17,45,1.7
1994,1,21,17,46,1.9
1994,1,21,17,51,1.9
1994,1,21,18,0,2.1
1994,1,21,18,5,2.1
1994,1,21,18,12,1.9
1994,1,21,18,14,1.7
1994,1,21,18,17,1.9
1994,1,21,18,29,1.8
1994,1,21,18,36,1.9
1994,1,21,18,38,1.9
1994,1,21,18,39,4.6
1994,1,21,18,42,4.1
1994,1,21,18,52,4.1
1994,1,21,18,53,4.3
1994,1,21,18,54,3.2
1994,1,21,18,56,2.7
1994,1,21,18,57,3.6
1994,1,21,19,9,2.2
1994,1,21,19,11,2.5
1994,1,21,19,14,3.3
1994,1,21,19,16,2.4
1994,1,21,19,21,2.3
1994,1,21,19,27,2.8
1994,1,21,19,29,2.5
1994,1,21,19,37,2.7
1994,1,21,19,40,2.2
1994,1,21,19,42,2.1
1994,1,21,19,46,2.8
1994,1,21,19,54,2.6
1994,1,21,19,56,2.7
1994,1,21,19,58,2.3
1994,1,21,20,5,2.2
1994,1,21,20,12,2.7
1994,1,21,20,45,1.9
1994,1,21,20,46,2.3
1994,1,21,20,55,1.8
1994,1,21,20,57,2.6
1994,1,21,21,2,3.1
1994,1,21,21,15,2
1994,1,21,21,19,1.9
1994,1,21,21,25,1.8
1994,1,21,21,26,3.3
1994,1,21,21,31,1.2
1994,1,21,21,45,1.9
1994,1,21,21,48,2
1994,1,21,21,52,1.9
1994,1,21,21,58,1.9
1994,1,21,22,2,2
1994,1,21,22,14,2.1
1994,1,21,22,17,1.7
1994,1,21,22,20,2.2
1994,1,21,22,22,2.7
1994,1,21,22,26,2
1994,1,21,22,31,1.8
1994,1,21,22,34,2
1994,1,21,22,35,1.8
1994,1,21,22,37,1.7
1994,1,21,22,52,1.8
1994,1,21,23,2,2.5
1994,1,21,23,17,1.8
1994,1,21,23,36,1.9
1994,1,21,23,39,2.2
1994,1,21,23,47,1.8
1994,1,21,23,48,1.6
1994,1,22,0,14,2.1
1994,1,22,0,16,2.6
1994,1,22,0,25,1.8
1994,1,22,0,35,2.2
1994,1,22,0,45,1.9
1994,1,22,0,52,1.5
1994,1,22,0,57,1.8
1994,1,22,1,4,1.5
1994,1,22,1,8,2.1
1994,1,22,1,24,2.4
1994,1,22,1,44,1.7
1994,1,22,1,49,2.7
1994,1,22,2,0,1.7
1994,1,22,2,5,1.6
1994,1,22,2,10,1.8
1994,1,22,2,11,1.9
1994,1,22,2,15,1.7
1994,1,22,2,18,2.9
1994,1,22,2,31,2.5
1994,1,22,2,32,1.9
1994,1,22,2,42,2.2
1994,1,22,2,44,2.1
1994,1,22,2,45,1.7
1994,1,22,2,47,1.5
1994,1,22,2,53,2.3
1994,1,22,2,57,2.3
1994,1,22,3,14,1.8
1994,1,22,3,27,2.5
1994,1,22,3,29,1.8
1994,1,22,3,34,3.2
1994,1,22,3,38,1.8
1994,1,22,3,40,1.8
1994,1,22,3,49,1.9
1994,1,22,3,53,1.6
1994,1,22,3,55,2.7
1994,1,22,4,3,2
1994,1,22,4,16,1.8
1994,1,22,4,27,1.9
1994,1,22,4,56,1.7
1994,1,22,5,2,1.4
1994,1,22,5,7,1.6
1994,1,22,5,16,1.6
1994,1,22,5,19,1.7
1994,1,22,5,32,1.9
1994,1,22,5,32,1.8
1994,1,22,5,37,2.2
1994,1,22,5,41,3
1994,1,22,5,46,1.8
1994,1,22,5,53,1.7
1994,1,22,6,3,1.9
1994,1,22,6,14,2
1994,1,22,6,41,1.9
1994,1,22,6,43,1.7
1994,1,22,6,45,1.4
1994,1,22,6,49,1.9
1994,1,22,6,55,2
1994,1,22,7,12,1.3
1994,1,22,7,23,1.5
1994,1,22,7,41,2
1994,1,22,7,43,1.7
1994,1,22,7,50,0.4
1994,1,22,7,54,1.4
1994,1,22,7,56,2
1994,1,22,7,59,2.3
1994,1,22,8,8,1.5
1994,1,22,8,12,1.8
1994,1,22,8,16,1.6
1994,1,22,8,20,2
1994,1,22,8,25,1.5
1994,1,22,8,35,1.7
1994,1,22,8,38,2.1
1994,1,22,8,45,2.6
1994,1,22,9,0,1.8
1994,1,22,9,3,3.1
1994,1,22,9,25,1.7
1994,1,22,9,40,1.9
1994,1,22,9,45,2.6
1994,1,22,10,1,2.2
1994,1,22,10,6,2.1
1994,1,22,10,9,2
1994,1,22,10,12,2.4
1994,1,22,10,16,2.2
1994,1,22,10,27,2.1
1994,1,22,10,35,1.9
1994,1,22,10,40,1.7
1994,1,22,10,45,2.1
1994,1,22,10,50,1.8
1994,1,22,11,16,1.7
1994,1,22,11,18,2
1994,1,22,11,31,1.8
1994,1,22,11,32,2.2
1994,1,22,11,46,2.1
1994,1,22,12,4,1.6
1994,1,22,12,15,1.7
1994,1,22,12,20,2.3
1994,1,22,12,27,2.1
1994,1,22,12,29,1.8
1994,1,22,12,30,2.2
1994,1,22,12,31,1.3
1994,1,22,12,38,1.8
1994,1,22,12,39,1.9
1994,1,22,12,41,1.6
1994,1,22,12,46,2.4
1994,1,22,13,7,1.7
1994,1,22,13,12,1.5
1994,1,22,13,14,2.3
1994,1,22,13,15,2.1
1994,1,22,13,20,1.7
1994,1,22,13,34,1.6
1994,1,22,13,49,2.9
1994,1,22,13,53,2
1994,1,22,13,59,1.7
1994,1,22,14,6,2.1
1994,1,22,14,10,2
1994,1,22,14,11,1.2
1994,1,22,14,15,2.3
1994,1,22,14,26,1.8
1994,1,22,14,40,1.6
1994,1,22,14,40,1.5
1994,1,22,14,43,2.7
1994,1,22,14,46,1.7
1994,1,22,14,53,1.6
1994,1,22,14,55,2.1
1994,1,22,14,58,1.6
1994,1,22,14,59,2.3
1994,1,22,15,8,1.9
1994,1,22,15,12,1.5
1994,1,22,15,15,1.6
1994,1,22,15,17,2.6
1994,1,22,15,31,2
1994,1,22,15,33,1.6
1994,1,22,15,35,2.1
1994,1,22,15,38,2.1
1994,1,22,15,41,2.6
1994,1,22,15,44,2
1994,1,22,15,54,1.6
1994,1,22,15,59,2
1994,1,22,16,25,1.8
1994,1,22,16,37,1.4
1994,1,22,16,39,1.6
1994,1,22,16,42,1.9
1994,1,22,16,44,2.2
1994,1,22,16,46,2.5
1994,1,22,16,49,2.8
1994,1,22,16,54,1.9
1994,1,22,16,55,2.3
1994,1,22,17,4,2.3
1994,1,22,17,8,1.5
1994,1,22,17,12,1.6
1994,1,22,17,18,1.8
1994,1,22,17,25,2.3
1994,1,22,17,28,1.6
1994,1,22,17,36,1.6
1994,1,22,17,45,2.3
1994,1,22,18,6,2.5
1994,1,22,18,9,1.8
1994,1,22,18,10,1.7
1994,1,22,18,41,1.6
1994,1,22,18,54,1.6
1994,1,22,19,12,1.6
1994,1,22,19,15,1.8
1994,1,22,19,17,1.7
1994,1,22,19,33,2.2
1994,1,22,19,45,2.3
1994,1,22,20,1,2.2
1994,1,22,20,3,2.3
1994,1,22,20,8,1.8
1994,1,22,20,16,2
1994,1,22,20,27,2.3
1994,1,22,20,29,1.8
1994,1,22,20,32,1.8
1994,1,22,20,34,1.9
1994,1,22,20,35,0
1994,1,22,20,47,1
1994,1,22,20,53,1.6
1994,1,22,20,54,0
1994,1,22,21,5,2.3
1994,1,22,21,16,1.6
1994,1,22,21,18,1.6
1994,1,22,21,19,1.9
1994,1,22,21,21,2.4
1994,1,22,21,41,1.8
1994,1,22,21,48,1.5
1994,1,22,21,50,2.5
1994,1,22,21,57,2.3
1994,1,22,22,0,1.8
1994,1,22,22,4,2.2
1994,1,22,22,6,1.8
1994,1,22,22,8,2.2
1994,1,22,22,9,1.7
1994,1,22,22,10,1.9
1994,1,22,22,14,1.8
1994,1,22,22,20,1.7
1994,1,22,22,22,2.3
1994,1,22,22,28,1.8
1994,1,22,22,31,1.7
1994,1,22,22,37,2
1994,1,22,22,45,1.6
1994,1,22,22,49,1.8
1994,1,22,22,51,1.7
1994,1,22,22,53,1.8
1994,1,22,23,5,1.9
1994,1,22,23,10,2.2
1994,1,22,23,14,3.2
1994,1,22,23,28,1.6
1994,1,22,23,36,3
1994,1,22,23,37,2.2
1994,1,22,23,43,2
1994,1,23,0,11,2
1994,1,23,0,24,1.9
1994,1,23,0,30,2.6
1994,1,23,0,38,1.8
1994,1,23,1,2,2.1
1994,1,23,1,6,1.9
1994,1,23,1,7,1.9
1994,1,23,1,24,1.9
1994,1,23,1,26,1.7
1994,1,23,1,29,1.8
1994,1,23,1,40,1.9
1994,1,23,1,42,1.6
1994,1,23,1,45,2.1
1994,1,23,2,0,1.5
1994,1,23,2,2,1.2
1994,1,23,2,4,1.6
1994,1,23,2,6,1.7
1994,1,23,2,7,1.7
1994,1,23,2,19,2.5
1994,1,23,2,41,1.7
1994,1,23,2,43,2.1
1994,1,23,2,48,3.2
1994,1,23,3,9,1.9
1994,1,23,3,17,2.3
1994,1,23,3,28,1.4
1994,1,23,3,33,2.1
1994,1,23,3,43,1.7
1994,1,23,3,47,1.5
1994,1,23,3,55,1.7
1994,1,23,3,56,1.1
1994,1,23,4,0,3
1994,1,23,4,2,2.2
1994,1,23,4,12,2.3
1994,1,23,4,13,1.8
1994,1,23,4,15,2.3
1994,1,23,4,58,2.7
1994,1,23,5,0,1.6
1994,1,23,5,17,2.5
1994,1,23,5,22,2.2
1994,1,23,5,41,1.6
1994,1,23,5,42,1.7
1994,1,23,5,49,1.8
1994,1,23,6,1,2.5
1994,1,23,6,8,1.6
1994,1,23,6,14,1.6
1994,1,23,6,15,2.1
1994,1,23,6,26,1.7
1994,1,23,6,30,1.5
1994,1,23,6,38,1.5
1994,1,23,6,46,2
1994,1,23,6,55,1.9
1994,1,23,6,57,3.1
1994,1,23,7,0,2
1994,1,23,7,17,2.5
1994,1,23,7,29,1.9
1994,1,23,7,43,2.3
1994,1,23,7,50,2.1
1994,1,23,7,56,1.9
1994,1,23,8,4,2.6
1994,1,23,8,7,2.4
1994,1,23,8,27,1.7
1994,1,23,8,30,1.8
1994,1,23,8,39,3
1994,1,23,8,41,3.8
1994,1,23,8,43,2.7
1994,1,23,8,55,4
1994,1,23,9,9,1.9
1994,1,23,9,14,2.6
1994,1,23,9,16,2
1994,1,23,9,28,1.9
1994,1,23,9,30,2.7
1994,1,23,9,31,2.3
1994,1,23,9,40,2
1994,1,23,9,45,1.7
1994,1,23,9,51,2.1
1994,1,23,10,2,1.7
1994,1,23,10,18,1.7
1994,1,23,10,41,1.7
1994,1,23,10,54,1.6
1994,1,23,11,3,1.8
1994,1,23,11,5,2
1994,1,23,11,18,2.1
1994,1,23,11,21,1.8
1994,1,23,11,23,1.8
1994,1,23,11,24,1.4
1994,1,23,11,27,1.8
1994,1,23,11,35,2.1
1994,1,23,11,52,1.6
1994,1,23,11,53,1.8
1994,1,23,12,14,1.5
1994,1,23,12,26,1.9
1994,1,23,12,30,2.2
1994,1,23,12,48,1.7
1994,1,23,12,51,1.4
1994,1,23,12,53,2
1994,1,23,13,1,1.8
1994,1,23,13,15,0.6
1994,1,23,13,19,1.9
1994,1,23,13,35,1.6
1994,1,23,13,39,1.8
1994,1,23,13,44,1.6
1994,1,23,14,0,1.3
1994,1,23,14,5,3.2
1994,1,23,14,23,1.6
1994,1,23,14,30,2.7
1994,1,23,14,52,3.3
1994,1,23,14,52,3.2
1994,1,23,14,58,2
1994,1,23,15,5,1.7
1994,1,23,15,20,1.6
1994,1,23,15,25,1.6
1994,1,23,15,44,1.5
1994,1,23,15,52,1.2
1994,1,23,15,53,2.3
1994,1,23,15,58,2.1
1994,1,23,15,59,3.2
1994,1,23,16,2,1.7
1994,1,23,16,6,2.2
1994,1,23,16,10,1.8
1994,1,23,16,11,1.9
1994,1,23,16,49,1.8
1994,1,23,16,50,2
1994,1,23,16,57,2.2
1994,1,23,17,4,1.4
1994,1,23,17,13,1.4
1994,1,23,17,38,2.5
1994,1,23,17,46,1.6
1994,1,23,17,54,1.6
1994,1,23,17,59,1.5
1994,1,23,18,10,1.9
1994,1,23,18,17,2.1
1994,1,23,18,35,1.8
1994,1,23,18,40,1.9
1994,1,23,18,42,1.7
1994,1,23,18,44,1.9
1994,1,23,18,49,2.1
1994,1,23,18,52,1.8
1994,1,23,18,54,1.6
1994,1,23,19,0,1.6
1994,1,23,19,1,1.8
1994,1,23,19,13,1.7
1994,1,23,19,16,1.7
1994,1,23,19,19,1.3
1994,1,23,19,20,2
1994,1,23,19,25,1.9
1994,1,23,19,50,2.5
1994,1,23,19,55,1.7
1994,1,23,20,5,1.7
1994,1,23,20,11,1.8
1994,1,23,20,16,1.4
1994,1,23,20,26,1.7
1994,1,23,20,30,1.3
1994,1,23,21,9,2.4
1994,1,23,21,12,1.9
1994,1,23,21,42,1.7
1994,1,23,21,45,1.6
1994,1,23,21,52,1.6
1994,1,23,21,58,1.9
1994,1,23,22,3,1.5
1994,1,23,22,4,1.8
1994,1,23,22,5,2.5
1994,1,23,22,36,1.9
1994,1,23,22,54,1.8
1994,1,23,22,59,1.5
1994,1,23,23,1,2.4
1994,1,23,23,28,1.9
1994,1,23,23,30,2
1994,1,23,23,37,2.8
1994,1,23,23,40,1.9
1994,1,23,23,55,1.7
1994,1,24,0,18,1.4
1994,1,24,0,20,1.8
1994,1,24,0,24,1.7
1994,1,24,0,32,1.8
1994,1,24,0,39,2.5
1994,1,24,0,52,1.4
1994,1,24,1,4,1.4
1994,1,24,1,5,1.7
1994,1,24,1,28,1.3
1994,1,24,1,35,0.4
1994,1,24,1,35,1.5
1994,1,24,1,38,1.7
1994,1,24,1,39,1.7
1994,1,24,1,49,1.5
1994,1,24,1,53,1.2
1994,1,24,1,54,1.7
1994,1,24,1,58,2
1994,1,24,2,5,1.6
1994,1,24,2,7,1.3
1994,1,24,2,15,2.2
1994,1,24,2,17,2.1
1994,1,24,2,27,1.8
1994,1,24,2,32,1.7
1994,1,24,2,34,1.7
1994,1,24,2,41,3.6
1994,1,24,2,51,1.7
1994,1,24,3,1,2
1994,1,24,3,10,1.4
1994,1,24,3,31,1.4
1994,1,24,3,33,1.5
1994,1,24,3,37,1.8
1994,1,24,3,42,3
1994,1,24,3,44,1.9
1994,1,24,3,48,1.6
1994,1,24,3,50,1.9
1994,1,24,4,15,4.5
1994,1,24,4,26,1.5
1994,1,24,4,37,2.3
1994,1,24,4,47,2.2
1994,1,24,4,59,1.8
1994,1,24,5,6,1.5
1994,1,24,5,22,2.5
1994,1,24,5,32,1.3
1994,1,24,5,34,1.7
1994,1,24,5,40,1.6
1994,1,24,5,42,1.4
1994,1,24,5,50,4.2
1994,1,24,5,54,4.1
1994,1,24,5,59,2.7
1994,1,24,6,8,2.2
1994,1,24,6,13,2.7
1994,1,24,6,20,1.8
1994,1,24,6,25,2
1994,1,24,6,27,2.6
1994,1,24,6,33,2.8
1994,1,24,6,59,2.5
1994,1,24,7,4,2.7
1994,1,24,7,15,1.7
1994,1,24,7,33,1.7
1994,1,24,7,42,1.6
1994,1,24,7,54,1.6
1994,1,24,7,59,1.7
1994,1,24,8,9,1.9
1994,1,24,8,16,1.6
1994,1,24,8,18,1.7
1994,1,24,8,22,1.7
1994,1,24,8,45,1.8
1994,1,24,8,52,1.3
1994,1,24,9,6,1.3
1994,1,24,9,14,1.7
1994,1,24,9,19,1.4
1994,1,24,9,22,1.9
1994,1,24,9,24,2.6
1994,1,24,9,24,2.2
1994,1,24,9,37,2.1
1994,1,24,9,52,2.1
1994,1,24,10,3,1.8
1994,1,24,10,7,1.4
1994,1,24,10,9,1.8
1994,1,24,10,20,1.2
1994,1,24,10,21,1.6
1994,1,24,10,22,1.6
1994,1,24,10,44,1.6
1994,1,24,10,47,2
1994,1,24,10,48,3.1
1994,1,24,11,1,1.7
1994,1,24,11,3,1.9
1994,1,24,11,25,1.5
1994,1,24,11,39,1.3
1994,1,24,11,43,1.7
1994,1,24,11,48,1.4
1994,1,24,11,52,2.1
1994,1,24,12,18,2.3
1994,1,24,12,19,2.3
1994,1,24,12,20,1.9
1994,1,24,12,36,2
1994,1,24,12,39,3
1994,1,24,12,45,1.9
1994,1,24,12,46,2.1
1994,1,24,13,2,1.6
1994,1,24,13,13,2
1994,1,24,13,15,1.6
1994,1,24,13,18,1.7
1994,1,24,13,23,2.1
1994,1,24,13,28,1.5
1994,1,24,13,37,1.9
1994,1,24,13,46,1.6
1994,1,24,13,58,1.6
1994,1,24,14,7,1.3
1994,1,24,14,11,1.9
1994,1,24,14,16,1.7
1994,1,24,14,36,1.6
1994,1,24,14,42,1.7
1994,1,24,14,48,2.2
1994,1,24,14,55,2.3
1994,1,24,14,59,2
1994,1,24,15,34,1.3
1994,1,24,15,39,1.9
1994,1,24,15,43,1.6
1994,1,24,15,59,2
1994,1,24,16,15,1.8
1994,1,24,16,20,1.6
1994,1,24,16,20,1.9
1994,1,24,16,25,2.5
1994,1,24,16,27,2
1994,1,24,16,32,2.2
1994,1,24,16,39,1.6
1994,1,24,16,45,1.5
1994,1,24,16,49,1.7
1994,1,24,17,3,1.8
1994,1,24,17,11,1.8
1994,1,24,17,13,2.1
1994,1,24,17,18,2.2
1994,1,24,17,27,2.2
1994,1,24,17,29,1.5
1994,1,24,17,52,3.2
1994,1,24,18,0,1.8
1994,1,24,18,1,2.3
1994,1,24,18,5,3.4
1994,1,24,18,16,3.3
1994,1,24,18,46,2
1994,1,24,18,48,2.2
1994,1,24,18,51,1.7
1994,1,24,19,11,1.9
1994,1,24,19,16,2.6
1994,1,24,19,19,2.1
1994,1,24,19,24,2.5
1994,1,24,19,28,2.4
1994,1,24,19,31,1.9
1994,1,24,20,25,1.6
1994,1,24,20,27,1.7
1994,1,24,20,36,1.6
1994,1,24,20,37,2.7
1994,1,24,20,37,2
1994,1,24,20,43,1.8
1994,1,24,20,44,2
1994,1,24,20,55,1.7
1994,1,24,21,27,1.3
1994,1,24,21,31,2.8
1994,1,24,21,42,1.6
1994,1,24,21,58,1.5
1994,1,24,22,19,1.6
1994,1,24,22,22,2.7
1994,1,24,22,43,1.5
1994,1,24,22,51,1.7
1994,1,24,22,53,1.7
1994,1,24,23,0,1.9
1994,1,24,23,4,2.5
1994,1,24,23,5,2.4
1994,1,24,23,21,2
1994,1,24,23,22,1.8
1994,1,24,23,28,2.1
1994,1,24,23,33,1.5
1994,1,24,23,36,2.3
1994,1,25,0,16,1.5
1994,1,25,0,19,1.6
1994,1,25,0,20,2.1
1994,1,25,0,41,2.1
1994,1,25,0,45,2.2
1994,1,25,0,46,2.3
1994,1,25,0,48,1.8
1994,1,25,0,51,1.6
1994,1,25,0,53,1.7
1994,1,25,0,55,1.6
1994,1,25,0,59,1.9
1994,1,25,1,1,1.5
1994,1,25,1,7,2
1994,1,25,2,1,1.9
1994,1,25,2,6,2.8
1994,1,25,2,26,2.6
1994,1,25,2,31,1.8
1994,1,25,2,39,2.5
1994,1,25,2,59,3.3
1994,1,25,3,6,1.4
1994,1,25,3,9,3
1994,1,25,3,11,1.9
1994,1,25,3,16,2
1994,1,25,3,31,2.2
1994,1,25,3,36,1.5
1994,1,25,3,41,1.9
1994,1,25,3,43,2.2
1994,1,25,3,47,1.9
1994,1,25,4,16,2.2
1994,1,25,4,20,2.1
1994,1,25,4,36,1.3
1994,1,25,4,51,1.7
1994,1,25,4,57,2
1994,1,25,5,25,2.2
1994,1,25,5,41,1.5
1994,1,25,6,8,1.2
1994,1,25,6,12,1.8
1994,1,25,6,16,1.7
1994,1,25,6,22,1.7
1994,1,25,6,55,1.4
1994,1,25,7,20,1.3
1994,1,25,7,35,2.3
1994,1,25,7,44,1.3
1994,1,25,7,46,1.7
1994,1,25,7,53,1.6
1994,1,25,8,1,1.9
1994,1,25,8,6,1.5
1994,1,25,8,14,1.7
1994,1,25,8,29,1.4
1994,1,25,8,34,1.3
1994,1,25,8,40,2.6
1994,1,25,8,41,2.9
1994,1,25,8,41,2.7
1994,1,25,8,43,1.6
1994,1,25,8,52,2.1
1994,1,25,8,53,2.2
1994,1,25,8,57,2.1
1994,1,25,8,58,1.6
1994,1,25,9,13,1.6
1994,1,25,9,17,1.6
1994,1,25,9,26,1.5
1994,1,25,9,52,1.7
1994,1,25,9,53,1.6
1994,1,25,10,0,1.8
1994,1,25,10,5,1.6
1994,1,25,10,5,2.4
1994,1,25,10,12,1.9
1994,1,25,10,14,2.2
1994,1,25,10,21,3.2
1994,1,25,10,23,1.8
1994,1,25,10,25,2.2
1994,1,25,10,32,2.4
1994,1,25,10,47,1.9
1994,1,25,10,54,1.6
1994,1,25,11,1,1.4
1994,1,25,11,4,2.1
1994,1,25,11,7,2.3
1994,1,25,11,20,1.3
1994,1,25,11,23,1.7
1994,1,25,11,28,1.9
1994,1,25,11,34,1.8
1994,1,25,11,43,1.6
1994,1,25,11,46,2.3
1994,1,25,12,7,1.5
1994,1,25,12,9,3.1
1994,1,25,12,25,1.7
1994,1,25,12,32,1.4
1994,1,25,12,37,1.7
1994,1,25,12,42,2.1
1994,1,25,12,50,1.7
1994,1,25,13,2,1.6
1994,1,25,13,4,1.8
1994,1,25,13,5,1.8
1994,1,25,13,19,1.5
1994,1,25,13,22,2
1994,1,25,13,28,1.7
1994,1,25,13,58,2
1994,1,25,14,5,1.8
1994,1,25,14,7,2
1994,1,25,14,10,1.9
1994,1,25,14,21,1.6
1994,1,25,14,32,1.7
1994,1,25,14,37,1.6
1994,1,25,14,41,1.2
1994,1,25,14,45,1.4
1994,1,25,14,54,1.6
1994,1,25,14,59,1.7
1994,1,25,15,4,2.2
1994,1,25,15,7,1.6
1994,1,25,15,15,1.5
1994,1,25,15,22,1.6
1994,1,25,15,25,1.7
1994,1,25,15,27,2
1994,1,25,15,38,1.7
1994,1,25,15,45,1.5
1994,1,25,15,53,1.9
1994,1,25,16,4,1.7
1994,1,25,16,19,1.5
1994,1,25,16,21,2.6
1994,1,25,16,23,0.2
1994,1,25,16,24,1.9
1994,1,25,16,44,2.4
1994,1,25,17,3,1.6
1994,1,25,17,9,1.9
1994,1,25,17,17,3.4
1994,1,25,17,19,2.4
1994,1,25,17,32,2.3
1994,1,25,17,37,2.2
1994,1,25,17,42,2.2
1994,1,25,17,46,2.4
1994,1,25,17,55,1.8
1994,1,25,18,6,1.4
1994,1,25,18,8,2.8
1994,1,25,18,11,1.4
1994,1,25,18,18,1.5
1994,1,25,18,38,2.4
1994,1,25,18,42,3.4
1994,1,25,18,58,1.6
1994,1,25,19,18,1.8
1994,1,25,19,54,1.6
1994,1,25,20,3,1.7
1994,1,25,20,24,1.4
1994,1,25,20,47,1.8
1994,1,25,20,51,1.8
1994,1,25,21,4,1.8
1994,1,25,21,5,0
1994,1,25,21,5,1.7
1994,1,25,21,9,1.4
1994,1,25,21,13,1.2
1994,1,25,21,26,2
1994,1,25,21,35,1.9
1994,1,25,21,39,1.9
1994,1,25,21,40,1.7
1994,1,25,21,42,2.1
1994,1,25,21,57,1.4
1994,1,25,22,4,1.8
1994,1,25,22,7,1.7
1994,1,25,22,9,1.5
1994,1,25,22,21,1.5
1994,1,25,22,23,2.9
1994,1,25,22,25,2.1
1994,1,25,22,28,1.8
1994,1,25,22,31,1.9
1994,1,25,22,44,2.1
1994,1,25,22,54,1.8
1994,1,25,23,1,2.3
1994,1,25,23,9,1.5
1994,1,25,23,27,1.8
1994,1,25,23,28,1.6
1994,1,25,23,46,1.3
1994,1,26,0,4,2.1
1994,1,26,0,17,1.7
1994,1,26,0,26,1.5
1994,1,26,0,45,1.9
1994,1,26,0,45,1.9
1994,1,26,0,51,1.7
1994,1,26,1,0,1.6
1994,1,26,1,10,1.7
1994,1,26,1,14,1.5
1994,1,26,1,17,1.6
1994,1,26,1,21,2.1
1994,1,26,1,56,2.2
1994,1,26,2,0,1.7
1994,1,26,2,17,3
1994,1,26,2,22,2.3
1994,1,26,2,32,2.3
1994,1,26,2,38,2
1994,1,26,2,46,2.5
1994,1,26,2,55,1.7
1994,1,26,2,58,2.1
1994,1,26,3,0,1.9
1994,1,26,3,3,1.7
1994,1,26,3,15,2.3
1994,1,26,3,33,2.2
1994,1,26,3,43,2.7
1994,1,26,3,53,2.9
1994,1,26,4,3,1.8
1994,1,26,4,4,3
1994,1,26,4,19,1.9
1994,1,26,4,37,1.9
1994,1,26,4,43,1.8
1994,1,26,4,47,1.5
1994,1,26,5,4,1.4
1994,1,26,5,20,1.6
1994,1,26,5,21,1.4
1994,1,26,5,27,1.5
1994,1,26,5,38,2.6
1994,1,26,5,48,2.1
1994,1,26,5,49,1.8
1994,1,26,5,53,1.5
1994,1,26,5,56,1.6
1994,1,26,5,58,2.1
1994,1,26,6,27,1.4
1994,1,26,6,31,1.5
1994,1,26,6,32,2.2
1994,1,26,6,44,1.6
1994,1,26,6,44,1.5
1994,1,26,7,19,1.4
1994,1,26,7,24,2.3
1994,1,26,7,38,1.3
1994,1,26,7,40,1.5
1994,1,26,7,52,1.8
1994,1,26,7,58,2.5
1994,1,26,8,18,1.9
1994,1,26,8,29,1.5
1994,1,26,8,32,2
1994,1,26,8,33,2.3
1994,1,26,8,43,2.3
1994,1,26,8,43,2.4
1994,1,26,8,45,1.7
1994,1,26,8,46,2.5
1994,1,26,8,49,1.9
1994,1,26,8,55,2.1
1994,1,26,9,0,1.8
1994,1,26,9,12,1.6
1994,1,26,9,22,1.9
1994,1,26,9,27,1.3
1994,1,26,9,39,1.6
1994,1,26,10,3,1.5
1994,1,26,10,11,1.4
1994,1,26,10,15,2
1994,1,26,10,22,2
1994,1,26,10,23,2.3
1994,1,26,10,40,1.5
1994,1,26,10,48,1.4
1994,1,26,10,49,1.7
1994,1,26,11,16,1.2
1994,1,26,11,18,1.4
1994,1,26,11,19,2
1994,1,26,11,29,1.7
1994,1,26,11,31,1.5
1994,1,26,11,41,1.8
1994,1,26,11,42,2.1
1994,1,26,11,47,1.7
1994,1,26,11,50,2.6
1994,1,26,11,53,2.4
1994,1,26,12,11,1.8
1994,1,26,12,22,1.5
1994,1,26,12,23,1.8
1994,1,26,12,28,3.8
1994,1,26,12,41,2.4
1994,1,26,12,53,1.9
1994,1,26,12,55,2
1994,1,26,13,8,1.8
1994,1,26,13,47,1.8
1994,1,26,13,53,2.9
1994,1,26,14,0,1.8
1994,1,26,14,8,2.2
1994,1,26,14,20,2.4
1994,1,26,14,20,1.4
1994,1,26,14,21,1.7
1994,1,26,14,24,1.4
1994,1,26,14,40,1.5
1994,1,26,14,52,1.4
1994,1,26,14,58,1.6
1994,1,26,15,21,1.7
1994,1,26,15,40,1.3
1994,1,26,15,52,1.7
1994,1,26,16,0,1.8
1994,1,26,16,7,2.8
1994,1,26,16,9,1.3
1994,1,26,16,15,2
1994,1,26,16,17,0
1994,1,26,16,20,2.7
1994,1,26,16,32,1.8
1994,1,26,16,43,2
1994,1,26,16,52,2.2
1994,1,26,17,2,2.4
1994,1,26,17,9,3.5
1994,1,26,17,23,1.9
1994,1,26,17,34,1.8
1994,1,26,17,38,2.5
1994,1,26,17,53,2
1994,1,26,17,59,3.1
1994,1,26,18,22,2.1
1994,1,26,18,29,1.9
1994,1,26,18,48,1.6
1994,1,26,18,54,1.9
1994,1,26,19,13,1.7
1994,1,26,19,18,1.8
1994,1,26,19,26,2.3
1994,1,26,19,35,1.5
1994,1,26,19,59,1.7
1994,1,26,20,2,2.4
1994,1,26,20,11,1.6
1994,1,26,20,26,1.6
1994,1,26,20,27,1.9
1994,1,26,20,28,1.4
1994,1,26,20,34,1.6
1994,1,26,20,40,1.8
1994,1,26,20,48,1.8
1994,1,26,21,17,1.6
1994,1,26,21,22,1.5
1994,1,26,21,23,0.2
1994,1,26,22,13,1.4
1994,1,26,22,28,1.9
1994,1,26,22,50,2.5
1994,1,26,22,53,2
1994,1,26,23,4,1.5
1994,1,26,23,15,1.8
1994,1,26,23,16,1.7
1994,1,26,23,33,0.4
1994,1,26,23,33,0.5
1994,1,26,23,46,1.4
1994,1,26,23,52,1.4
1994,1,27,0,0,1.4
1994,1,27,0,11,1.5
1994,1,27,0,30,2.2
1994,1,27,0,49,2
1994,1,27,1,0,1.6
1994,1,27,1,8,2.2
1994,1,27,1,15,2.3
1994,1,27,1,16,1.9
1994,1,27,1,21,1.4
1994,1,27,1,27,1.8
1994,1,27,1,30,2.1
1994,1,27,1,40,2.1
1994,1,27,1,55,1.8
1994,1,27,2,8,1.6
1994,1,27,2,12,1.5
1994,1,27,2,12,1.4
1994,1,27,2,13,1.6
1994,1,27,2,19,1.5
1994,1,27,2,28,1.9
1994,1,27,2,29,2
1994,1,27,2,39,1.9
1994,1,27,2,40,2.2
1994,1,27,2,44,1.3
1994,1,27,2,53,2.2
1994,1,27,2,59,1.9
1994,1,27,3,13,1.9
1994,1,27,3,14,1.6
1994,1,27,3,15,1.6
1994,1,27,3,34,2
1994,1,27,3,51,1.8
1994,1,27,3,52,1.7
1994,1,27,3,55,1.7
1994,1,27,4,4,2.7
1994,1,27,4,10,1.8
1994,1,27,4,32,2.1
1994,1,27,4,40,2.2
1994,1,27,4,43,3.3
1994,1,27,4,48,1.8
1994,1,27,4,55,1.9
1994,1,27,4,56,2.6
1994,1,27,5,26,1.7
1994,1,27,5,48,1.6
1994,1,27,5,50,2.7
1994,1,27,5,57,1.6
1994,1,27,6,6,1.7
1994,1,27,6,22,1.7
1994,1,27,6,26,2.5
1994,1,27,6,58,1.4
1994,1,27,7,11,1.4
1994,1,27,7,27,1.9
1994,1,27,7,32,1.7
1994,1,27,7,39,1.8
1994,1,27,7,52,2.4
1994,1,27,7,58,1.8
1994,1,27,8,7,1.7
1994,1,27,8,22,2
1994,1,27,8,29,1.3
1994,1,27,8,36,1.8
1994,1,27,9,4,1.8
1994,1,27,9,11,2.4
1994,1,27,9,16,2.1
1994,1,27,9,33,1.5
1994,1,27,9,39,1.7
1994,1,27,9,47,1.7
1994,1,27,9,50,1.9
1994,1,27,9,55,1.6
1994,1,27,9,57,2.1
1994,1,27,10,8,1.6
1994,1,27,10,11,1.9
1994,1,27,10,16,1.4
1994,1,27,10,23,2.1
1994,1,27,10,34,2.5
1994,1,27,11,4,1.7
1994,1,27,11,6,1.9
1994,1,27,11,13,1.7
1994,1,27,11,17,1.5
1994,1,27,11,21,1.5
1994,1,27,11,45,1.8
1994,1,27,11,59,1.7
1994,1,27,12,4,1.5
1994,1,27,12,10,2.6
1994,1,27,12,19,1.6
1994,1,27,12,21,2.2
1994,1,27,12,28,2
1994,1,27,12,30,1.7
1994,1,27,12,36,1.3
1994,1,27,12,53,1.7
1994,1,27,13,13,1.6
1994,1,27,13,16,1.5
1994,1,27,13,26,2.1
1994,1,27,13,40,1.9
1994,1,27,13,49,2.6
1994,1,27,13,54,2.1
1994,1,27,14,13,1.4
1994,1,27,14,31,3.2
1994,1,27,14,34,2.1
1994,1,27,14,37,1.8
1994,1,27,14,45,2.3
1994,1,27,14,47,2.2
1994,1,27,14,50,1.7
1994,1,27,15,0,2.4
1994,1,27,15,0,2.1
1994,1,27,15,30,1.6
1994,1,27,15,45,0.9
1994,1,27,15,57,1.7
1994,1,27,16,6,1.7
1994,1,27,16,20,2.1
1994,1,27,16,22,2.5
1994,1,27,16,23,1.9
1994,1,27,16,24,1.9
1994,1,27,16,28,2.3
1994,1,27,16,30,2
1994,1,27,16,56,1.8
1994,1,27,17,15,2.4
1994,1,27,17,19,4.5
1994,1,27,17,22,2.5
1994,1,27,17,56,2.7
1994,1,27,18,30,1.5
1994,1,27,18,46,1.4
1994,1,27,18,47,1.4
1994,1,27,19,38,2.1
1994,1,27,19,40,1.6
1994,1,27,19,42,2.4
1994,1,27,19,57,1.7
1994,1,27,20,2,2.1
1994,1,27,20,15,1.7
1994,1,27,20,22,1.6
1994,1,27,20,41,3
1994,1,27,20,44,1.6
1994,1,27,21,17,1.5
1994,1,27,21,29,2.6
1994,1,27,21,31,1.7
1994,1,27,21,42,1.7
1994,1,27,21,49,1.9
1994,1,27,22,13,1.5
1994,1,27,23,3,2.5
1994,1,27,23,11,1.7
1994,1,27,23,13,1.7
1994,1,27,23,18,1.9
1994,1,27,23,19,1.3
1994,1,27,23,28,1.8
1994,1,27,23,41,1.6
1994,1,27,23,54,2.2
1994,1,28,0,31,2.2
1994,1,28,0,47,2
1994,1,28,0,52,2.2
1994,1,28,0,58,2.2
1994,1,28,1,15,2.1
1994,1,28,1,18,1.4
1994,1,28,1,32,1.9
1994,1,28,1,35,1.5
1994,1,28,1,42,1.6
1994,1,28,1,56,2.4
1994,1,28,2,7,1.5
1994,1,28,2,12,1.7
1994,1,28,2,13,1.9
1994,1,28,2,17,1.8
1994,1,28,2,20,1.9
1994,1,28,2,25,1.6
1994,1,28,2,27,1.7
1994,1,28,2,32,2.2
1994,1,28,2,36,1.9
1994,1,28,2,52,1.5
1994,1,28,3,19,1.4
1994,1,28,3,22,0.4
1994,1,28,3,29,1.3
1994,1,28,3,32,1.6
1994,1,28,3,47,1.5
1994,1,28,4,21,2.2
1994,1,28,4,25,2.1
1994,1,28,4,32,1.7
1994,1,28,4,42,1.9
1994,1,28,4,47,1.7
1994,1,28,4,56,1.7
1994,1,28,4,58,3.3
1994,1,28,5,47,3.2
1994,1,28,5,59,1.7
1994,1,28,6,4,1.6
1994,1,28,6,6,2.5
1994,1,28,6,17,2
1994,1,28,6,42,2.5
1994,1,28,7,17,1.8
1994,1,28,7,33,1.6
1994,1,28,7,36,1.8
1994,1,28,7,37,1.7
1994,1,28,7,39,1.6
1994,1,28,7,44,3.4
1994,1,28,8,15,1.5
1994,1,28,8,34,1.5
1994,1,28,9,9,1.7
1994,1,28,9,21,1.7
1994,1,28,9,59,2.2
1994,1,28,10,15,1.4
1994,1,28,10,21,1.3
1994,1,28,10,44,1.5
1994,1,28,10,48,1.1
1994,1,28,11,11,1.6
1994,1,28,11,19,1.5
1994,1,28,11,21,1.4
1994,1,28,11,26,1.8
1994,1,28,11,32,1.4
1994,1,28,11,59,1.5
1994,1,28,12,6,1.4
1994,1,28,12,6,1.4
1994,1,28,12,11,1.6
1994,1,28,12,15,1.4
1994,1,28,12,18,1.5
1994,1,28,12,34,2.6
1994,1,28,12,40,1.6
1994,1,28,12,48,3.2
1994,1,28,13,15,1.7
1994,1,28,13,20,2.1
1994,1,28,13,51,2
1994,1,28,13,54,1.9
1994,1,28,14,0,2.2
1994,1,28,14,12,2.3
1994,1,28,14,16,1.4
1994,1,28,14,17,1.8
1994,1,28,14,28,1.5
1994,1,28,14,55,2.1
1994,1,28,14,59,1.5
1994,1,28,15,8,1.5
1994,1,28,15,27,1.6
1994,1,28,15,42,1.6
1994,1,28,15,47,2.1
1994,1,28,15,49,1.7
1994,1,28,15,59,1.2
1994,1,28,16,22,1.6
1994,1,28,16,24,1.6
1994,1,28,16,39,1.6
1994,1,28,16,41,1.7
1994,1,28,17,14,1.7
1994,1,28,17,27,1.6
1994,1,28,17,30,1.5
1994,1,28,18,0,1.9
1994,1,28,18,4,1.6
1994,1,28,18,11,1.7
1994,1,28,18,23,1.8
1994,1,28,18,28,2.1
1994,1,28,18,31,2.1
1994,1,28,18,34,1.8
1994,1,28,18,36,2
1994,1,28,19,11,1.8
1994,1,28,19,20,2.4
1994,1,28,19,26,1.6
1994,1,28,19,34,1.5
1994,1,28,19,50,2.1
1994,1,28,19,53,1.9
1994,1,28,20,9,4
1994,1,28,20,11,3.5
1994,1,28,20,15,2
1994,1,28,20,43,1.8
1994,1,28,20,47,2.4
1994,1,28,20,53,1.8
1994,1,28,21,5,2.2
1994,1,28,21,23,1.4
1994,1,28,21,24,2.1
1994,1,28,21,26,2
1994,1,28,21,33,1.7
1994,1,28,21,36,2.4
1994,1,28,21,43,1.6
1994,1,28,21,44,2.3
1994,1,28,21,58,1.7
1994,1,28,22,2,1.9
1994,1,28,22,7,1.9
1994,1,28,22,25,2.4
1994,1,28,22,27,2.1
1994,1,28,22,33,2.4
1994,1,28,22,55,1.8
1994,1,28,23,0,1.7
1994,1,28,23,3,1.8
1994,1,28,23,4,2.6
1994,1,28,23,13,1.7
1994,1,28,23,27,2
1994,1,28,23,28,1.9
1994,1,29,0,39,1.3
1994,1,29,0,41,1.6
1994,1,29,0,47,2.9
1994,1,29,1,37,1.6
1994,1,29,1,37,1.6
1994,1,29,1,38,1.7
1994,1,29,1,43,1.8
1994,1,29,1,47,2.3
1994,1,29,1,49,1.9
1994,1,29,1,56,1.5
1994,1,29,2,21,2.1
1994,1,29,2,25,1.8
1994,1,29,2,32,1.7
1994,1,29,2,46,2
1994,1,29,2,49,1.9
1994,1,29,2,51,1.8
1994,1,29,3,27,1.7
1994,1,29,3,40,1.9
1994,1,29,3,42,1.8
1994,1,29,3,45,1.9
1994,1,29,3,46,1.3
1994,1,29,3,48,1.4
1994,1,29,3,59,1.4
1994,1,29,4,5,1.5
1994,1,29,4,7,1.6
1994,1,29,4,8,2
1994,1,29,4,19,2.1
1994,1,29,4,21,1.7
1994,1,29,4,28,2.3
1994,1,29,4,45,2.4
1994,1,29,4,52,1.8
1994,1,29,4,53,1.8
1994,1,29,4,58,2.3
1994,1,29,5,16,1.9
1994,1,29,5,38,2.1
1994,1,29,5,41,1.4
1994,1,29,6,9,1.3
1994,1,29,6,18,1.8
1994,1,29,6,19,1.8
1994,1,29,6,27,1.8
1994,1,29,6,30,1.4
1994,1,29,6,55,1.3
1994,1,29,6,59,2.3
1994,1,29,7,15,1.5
1994,1,29,7,21,2
1994,1,29,7,43,1.4
1994,1,29,7,52,2.6
1994,1,29,7,56,2
1994,1,29,8,25,1.7
1994,1,29,8,26,1.6
1994,1,29,8,29,2
1994,1,29,8,45,1.6
1994,1,29,8,46,2.3
1994,1,29,8,54,2.3
1994,1,29,9,19,1.6
1994,1,29,9,24,1.4
1994,1,29,9,26,2
1994,1,29,9,34,1.8
1994,1,29,9,37,1.4
1994,1,29,9,51,2.1
1994,1,29,10,42,2.8
1994,1,29,11,13,3.5
1994,1,29,11,15,2
1994,1,29,11,20,5.1
1994,1,29,11,23,3
1994,1,29,11,25,2.7
1994,1,29,11,25,2.5
1994,1,29,11,37,3.4
1994,1,29,12,16,4.2
1994,1,29,12,19,2.3
1994,1,29,12,21,3.3
1994,1,29,12,35,2.3
1994,1,29,12,35,2.9
1994,1,29,12,37,1.8
1994,1,29,12,38,1.6
1994,1,29,12,43,1.7
1994,1,29,12,45,1.9
1994,1,29,12,47,3.2
1994,1,29,12,59,3.1
1994,1,29,13,15,2.8
1994,1,29,13,32,2.4
1994,1,29,14,3,3.4
1994,1,29,14,3,2.9
1994,1,29,14,4,2.8
1994,1,29,14,26,2.1
1994,1,29,15,6,2.1
1994,1,29,15,10,2.5
1994,1,29,15,24,2
1994,1,29,15,29,2.2
1994,1,29,16,19,2.8
1994,1,29,16,39,2.4
1994,1,29,16,44,2.4
1994,1,29,17,22,2.6
1994,1,29,17,24,2
1994,1,29,17,51,2
1994,1,29,18,20,2.8
1994,1,29,18,31,2.3
1994,1,29,18,38,2
1994,1,29,18,54,2.6
1994,1,29,19,22,2.1
1994,1,29,19,25,2.8
1994,1,29,20,45,2
1994,1,29,20,48,2.2
1994,1,29,21,6,1.5
1994,1,29,21,8,2.5
1994,1,29,21,24,2.3
1994,1,29,21,27,2.1
1994,1,29,21,45,3.1
1994,1,29,22,20,2.1
1994,1,29,22,26,2
1994,1,29,23,3,2
1994,1,30,0,12,2.8
1994,1,30,0,50,2.6
1994,1,30,0,52,2.4
1994,1,30,2,10,1.6
1994,1,30,2,11,1.4
1994,1,30,2,23,1.6
1994,1,30,2,34,2.4
1994,1,30,3,3,2.6
1994,1,30,4,59,2.8
1994,1,30,6,35,2.7
1994,1,30,8,19,3
1994,1,30,9,19,3.3
1994,1,30,9,56,2.4
1994,1,30,10,44,3.2
1994,1,30,10,54,2.6
1994,1,30,11,7,2.2
1994,1,30,11,9,1.2
1994,1,30,12,48,2.2
1994,1,30,13,22,2.6
1994,1,30,14,55,2.1
1994,1,30,15,42,2.5
1994,1,30,16,33,2.3
1994,1,30,17,1,2.8
1994,1,30,18,58,2.2
1994,1,30,19,0,2.4
1994,1,30,20,34,2.1
1994,1,30,20,35,1.8
1994,1,30,22,11,2.2
1994,1,30,23,22,2.5
1994,1,30,23,23,1.7
1994,1,31,0,19,2.1
1994,1,31,0,24,1.9
1994,1,31,3,0,1.3
1994,1,31,4,27,2.5
1994,1,31,4,43,2.2
1994,1,31,4,55,3.3
1994,1,31,5,20,2.9
1994,1,31,7,13,2.2
1994,1,31,7,21,2.2
1994,1,31,8,20,1.8
1994,1,31,9,35,2.6
1994,1,31,11,41,2.8
1994,1,31,12,2,2.2
1994,1,31,12,16,2.4
1994,1,31,13,27,2.2
1994,1,31,13,46,2.5
1994,1,31,14,4,2.2
1994,1,31,14,13,1.5
1994,1,31,14,21,1.8
1994,1,31,14,35,1.5
1994,1,31,14,42,1.5
1994,1,31,14,50,1.7
1994,1,31,17,21,2.4
1994,1,31,17,28,2.3
1994,1,31,17,38,2.5
1994,1,31,17,50,2.3
1994,1,31,18,48,2.4
1994,1,31,20,17,2.2
1994,1,31,22,35,2.4
1994,1,31,23,52,1.7
1994,1,29,13,55,2.1
1994,1,29,14,1,1.9
1994,1,29,14,2,1.7
1994,1,29,16,13,1.8
1994,1,29,23,6,2.3
1994,1,29,23,53,1.7
1994,1,30,3,36,1.8
1994,1,30,4,34,1.9
1994,1,30,6,0,1.9
1994,1,30,6,23,1.8
1994,1,30,8,34,2.1
1994,1,30,8,42,1.9
1994,1,30,9,36,2.2
1994,1,30,9,48,1.9
1994,1,30,10,8,1.9
1994,1,30,14,30,2.1
1994,1,30,15,15,2
1994,1,30,15,16,1.7
1994,1,30,15,56,2
1994,1,30,17,20,1.9
1994,1,30,19,6,1.9
1994,1,30,21,25,2
1994,1,30,23,8,1.6
1994,1,30,23,9,1.6
1994,2,1,0,26,1.5
1994,2,1,0,28,1.8
1994,2,1,0,42,1.6
1994,2,1,1,0,1.7
1994,2,1,1,3,1.6
1994,2,1,1,20,1.7
1994,2,1,1,23,2.2
1994,2,1,1,40,1.2
1994,2,1,1,57,1.6
1994,2,1,2,13,1.8
1994,2,1,2,39,1.5
1994,2,1,2,43,2
1994,2,1,2,44,1.4
1994,2,1,3,0,1.7
1994,2,1,3,20,1.3
1994,2,1,3,55,1.5
1994,2,1,4,0,1.6
1994,2,1,4,3,2.4
1994,2,1,4,8,2.3
1994,2,1,4,32,1.5
1994,2,1,4,46,1.8
1994,2,1,4,58,1.8
1994,2,1,5,34,1.8
1994,2,1,6,8,3
1994,2,1,6,38,2
1994,2,1,6,49,2.4
1994,2,1,7,13,1.5
1994,2,1,7,40,3.6
1994,2,1,7,58,1.7
1994,2,1,8,44,1.8
1994,2,1,9,7,1.5
1994,2,1,9,23,1.9
1994,2,1,9,25,1.5
1994,2,1,9,33,1.9
1994,2,1,9,47,1.7
1994,2,1,9,56,2.1
1994,2,1,9,59,3.2
1994,2,1,10,11,1.9
1994,2,1,10,26,1.7
1994,2,1,10,42,1.8
1994,2,1,10,54,1.7
1994,2,1,10,56,1.4
1994,2,1,11,4,1.8
1994,2,1,11,8,2
1994,2,1,11,16,1.9
1994,2,1,11,19,2.1
1994,2,1,11,30,2.2
1994,2,1,12,17,1.7
1994,2,1,12,31,2
1994,2,1,12,38,1.5
1994,2,1,12,51,2.6
1994,2,1,13,16,2
1994,2,1,13,45,1.7
1994,2,1,13,50,1.6
1994,2,1,14,9,1.9
1994,2,1,14,19,1.6
1994,2,1,14,23,1.9
1994,2,1,14,28,1.8
1994,2,1,14,31,1.5
1994,2,1,14,58,1.9
1994,2,1,15,29,1.7
1994,2,1,15,51,2
1994,2,1,16,10,1.8
1994,2,1,16,24,1.8
1994,2,1,16,43,1.8
1994,2,1,17,11,1.8
1994,2,1,17,15,2.5
1994,2,1,17,36,2.1
1994,2,1,17,57,2.2
1994,2,1,18,23,2.9
1994,2,1,18,25,1.9
1994,2,1,18,58,1.9
1994,2,1,19,10,1.8
1994,2,1,19,15,1.7
1994,2,1,19,33,2
1994,2,1,19,56,2.4
1994,2,1,20,11,1.7
1994,2,1,20,29,2
1994,2,1,20,51,2
1994,2,1,21,15,2.7
1994,2,1,21,24,1.8
1994,2,1,21,32,1.8
1994,2,1,22,14,1.7
1994,2,1,22,24,1.8
1994,2,1,22,28,1.8
1994,2,1,22,32,1.8
1994,2,1,22,37,1.6
1994,2,1,22,41,1.6
1994,2,1,22,51,1.6
1994,2,1,22,58,2
1994,2,1,22,59,2.1
1994,2,1,23,33,2.2
1994,2,1,23,36,2.3
1994,2,1,23,45,1.6
1994,2,1,23,57,1.5
1994,2,1,23,58,1.6
1994,2,2,0,13,1.8
1994,2,2,0,14,1.8
1994,2,2,0,57,1.6
1994,2,2,1,26,2.7
1994,2,2,1,29,1.7
1994,2,2,2,8,2.1
1994,2,2,3,34,1.5
1994,2,2,4,6,1.6
1994,2,2,4,18,1.7
1994,2,2,4,26,1.3
1994,2,2,4,29,2.3
1994,2,2,4,31,1.8
1994,2,2,4,43,1.7
1994,2,2,5,4,1.8
1994,2,2,5,6,1.8
1994,2,2,5,26,1.7
1994,2,2,5,28,2
1994,2,2,5,34,1.5
1994,2,2,6,10,1.5
1994,2,2,6,10,1.4
1994,2,2,6,15,1.6
1994,2,2,6,21,2
1994,2,2,6,39,1.6
1994,2,2,6,48,1.3
1994,2,2,7,28,1.4
1994,2,2,7,30,2.7
1994,2,2,7,38,1.8
1994,2,2,8,11,1.8
1994,2,2,8,30,1.2
1994,2,2,8,38,2.3
1994,2,2,9,1,1.3
1994,2,2,9,34,1.4
1994,2,2,9,46,1.6
1994,2,2,10,33,1.8
1994,2,2,11,6,1.4
1994,2,2,11,7,1.2
1994,2,2,11,10,1.4
1994,2,2,11,24,3.7
1994,2,2,11,37,1.8
1994,2,2,11,51,3
1994,2,2,12,12,1.7
1994,2,2,12,18,1.7
1994,2,2,12,20,2
1994,2,2,12,28,1.4
1994,2,2,13,1,1.8
1994,2,2,13,14,1.8
1994,2,2,13,33,1.9
1994,2,2,13,36,1.5
1994,2,2,14,11,1.5
1994,2,2,14,38,1.6
1994,2,2,15,10,1.5
1994,2,2,15,21,2.3
1994,2,2,15,22,2
1994,2,2,15,55,2.8
1994,2,2,16,2,2
1994,2,2,16,25,2.2
1994,2,2,16,41,1.8
1994,2,2,16,43,2.2
1994,2,2,16,49,1.9
1994,2,2,17,15,2.2
1994,2,2,17,30,1.5
1994,2,2,17,53,1.9
1994,2,2,18,19,1.7
1994,2,2,18,33,1.8
1994,2,2,18,37,1.7
1994,2,2,18,41,2
1994,2,2,19,9,2.1
1994,2,2,19,15,1.8
1994,2,2,19,28,2.4
1994,2,2,19,42,2.3
1994,2,2,19,52,2.6
1994,2,2,19,53,2.4
1994,2,2,20,1,2.1
1994,2,2,20,17,1.9
1994,2,2,20,22,1.6
1994,2,2,20,32,1.7
1994,2,2,20,33,0.3
1994,2,2,20,54,1.6
1994,2,2,21,25,1.5
1994,2,2,21,27,1.6
1994,2,2,21,37,2.1
1994,2,2,21,58,1.5
1994,2,2,21,59,1.7
1994,2,2,22,3,1.4
1994,2,2,22,4,1.8
1994,2,2,22,5,2.2
1994,2,2,22,51,1.9
1994,2,2,22,57,1.9
1994,2,2,23,11,1.4
1994,2,2,23,42,1.9
1994,2,2,23,47,1.8
1994,2,2,23,58,1.6
1994,2,3,0,7,1.7
1994,2,3,0,10,1.5
1994,2,3,0,32,2.4
1994,2,3,0,40,1.4
1994,2,3,0,45,2.3
1994,2,3,1,6,1.6
1994,2,3,1,18,1.7
1994,2,3,1,38,1.9
1994,2,3,1,51,1.7
1994,2,3,1,54,1.4
1994,2,3,1,58,2.2
1994,2,3,1,59,2.3
1994,2,3,2,12,1.6
1994,2,3,2,18,1.5
1994,2,3,2,23,0.3
1994,2,3,2,24,2.5
1994,2,3,2,26,1.7
1994,2,3,2,53,1.6
1994,2,3,3,6,1.8
1994,2,3,3,7,2.4
1994,2,3,3,10,2.4
1994,2,3,3,13,2.2
1994,2,3,3,40,1.9
1994,2,3,3,59,1.9
1994,2,3,4,20,1.3
1994,2,3,4,24,1.4
1994,2,3,4,32,1.6
1994,2,3,4,37,2
1994,2,3,4,52,1.3
1994,2,3,4,55,1.5
1994,2,3,5,19,1.8
1994,2,3,5,24,1.6
1994,2,3,5,36,1.2
1994,2,3,5,44,1.2
1994,2,3,5,58,2.2
1994,2,3,6,5,1.2
1994,2,3,6,13,1.3
1994,2,3,6,25,1.4
1994,2,3,6,25,1.5
1994,2,3,6,48,1.3
1994,2,3,6,52,1.9
1994,2,3,7,2,1.5
1994,2,3,7,29,1.4
1994,2,3,7,36,1.2
1994,2,3,7,41,1.1
1994,2,3,7,50,2.2
1994,2,3,7,54,2.2
1994,2,3,8,17,1.5
1994,2,3,8,21,3
1994,2,3,8,56,1.8
1994,2,3,8,57,1.4
1994,2,3,9,16,2
1994,2,3,9,25,1.6
1994,2,3,9,32,1.4
1994,2,3,9,32,1.4
1994,2,3,9,44,1.4
1994,2,3,9,59,1.9
1994,2,3,9,59,0.3
1994,2,3,10,6,1.5
1994,2,3,10,38,1.2
1994,2,3,10,41,1.1
1994,2,3,10,52,1.4
1994,2,3,11,6,1.8
1994,2,3,11,13,1.6
1994,2,3,11,19,2.1
1994,2,3,11,20,1.8
1994,2,3,11,20,1.7
1994,2,3,11,34,1.8
1994,2,3,11,38,1.9
1994,2,3,11,45,1.3
1994,2,3,11,48,1.8
1994,2,3,12,13,1.6
1994,2,3,12,16,1.4
1994,2,3,12,24,1.7
1994,2,3,12,32,2.8
1994,2,3,12,33,2.5
1994,2,3,12,36,1.7
1994,2,3,13,16,1.6
1994,2,3,13,16,1.8
1994,2,3,13,24,2.4
1994,2,3,13,33,1.6
1994,2,3,13,39,1.7
1994,2,3,14,18,2.6
1994,2,3,14,35,1.4
1994,2,3,14,57,1.8
1994,2,3,15,7,1.5
1994,2,3,15,17,1.8
1994,2,3,15,23,1.8
1994,2,3,15,28,1.8
1994,2,3,15,38,1.4
1994,2,3,15,39,1.3
1994,2,3,15,43,1.8
1994,2,3,16,9,1.9
1994,2,3,16,22,1.5
1994,2,3,16,23,0
1994,2,3,16,23,4.2
1994,2,3,16,37,2.1
1994,2,3,17,36,1.3
1994,2,3,17,42,1.6
1994,2,3,17,52,1.5
1994,2,3,18,0,2.5
1994,2,3,18,14,1.6
1994,2,3,18,30,1.5
1994,2,3,18,47,1.6
1994,2,3,18,57,1.5
1994,2,3,19,7,1
1994,2,3,19,8,2.3
1994,2,3,19,27,1.6
1994,2,3,19,35,1.4
1994,2,3,20,20,1.6
1994,2,3,20,52,2
1994,2,3,21,6,1.8
1994,2,3,21,17,1.8
1994,2,3,21,27,1.5
1994,2,3,21,50,1.4
1994,2,3,22,11,1.8
1994,2,3,22,12,1.3
1994,2,3,22,31,1.8
1994,2,3,22,39,1.9
1994,2,3,22,42,1.9
1994,2,3,22,45,1.5
1994,2,3,23,8,1.5
1994,2,3,23,22,1.6
1994,2,3,23,48,1.5
1994,2,3,23,49,1.5
1994,2,4,1,33,1.7
1994,2,4,1,35,0.3
1994,2,4,1,38,1.9
1994,2,4,1,50,2
1994,2,4,1,50,2
1994,2,4,2,43,1.8
1994,2,4,2,44,1.8
1994,2,4,3,1,1.5
1994,2,4,3,14,1.4
1994,2,4,3,15,1.4
1994,2,4,3,27,1.8
1994,2,4,3,39,1.4
1994,2,4,3,46,1.6
1994,2,4,3,55,1.6
1994,2,4,4,27,0
1994,2,4,4,35,1.7
1994,2,4,4,37,1.8
1994,2,4,4,49,3
1994,2,4,5,23,1.6
1994,2,4,5,26,1.8
1994,2,4,5,46,1.7
1994,2,4,6,1,1.7
1994,2,4,6,25,1.7
1994,2,4,6,33,3.5
1994,2,4,6,43,1.8
1994,2,4,7,10,1.5
1994,2,4,7,12,2
1994,2,4,7,16,1.6
1994,2,4,7,17,1.8
1994,2,4,7,39,1.7
1994,2,4,8,11,1.1
1994,2,4,8,14,1.8
1994,2,4,8,38,1.8
1994,2,4,9,13,1.9
1994,2,4,9,23,1.7
1994,2,4,9,50,1.9
1994,2,4,9,51,0
1994,2,4,10,19,0.1
1994,2,4,10,30,1.7
1994,2,4,10,33,1.6
1994,2,4,10,35,1.7
1994,2,4,10,37,1.5
1994,2,4,10,38,2
1994,2,4,10,42,1.9
1994,2,4,10,49,1.8
1994,2,4,11,5,1.5
1994,2,4,11,28,1.7
1994,2,4,12,0,1.8
1994,2,4,12,4,2
1994,2,4,12,19,1.7
1994,2,4,12,51,1.7
1994,2,4,12,51,1.5
1994,2,4,13,4,1.7
1994,2,4,13,4,1.8
1994,2,4,13,16,1.6
1994,2,4,13,18,1.7
1994,2,4,13,24,1.8
1994,2,4,14,6,2
1994,2,4,14,10,1.7
1994,2,4,14,10,1.8
1994,2,4,14,26,3.3
1994,2,4,14,26,2.2
1994,2,4,14,38,2.1
1994,2,4,15,13,1.5
1994,2,4,16,17,1.8
1994,2,4,16,24,0.3
1994,2,4,16,25,2.7
1994,2,4,16,26,1.7
1994,2,4,16,28,1.6
1994,2,4,16,46,2
1994,2,4,17,9,1.6
1994,2,4,17,19,1.6
1994,2,4,17,27,2.1
1994,2,4,17,27,2.4
1994,2,4,18,33,1.9
1994,2,4,18,42,1.6
1994,2,4,18,44,1.5
1994,2,4,19,2,1.8
1994,2,4,19,3,1.8
1994,2,4,19,5,1.6
1994,2,4,19,41,2
1994,2,4,19,42,1.5
1994,2,4,19,50,1.7
1994,2,4,20,6,1.5
1994,2,4,20,15,3
1994,2,4,20,19,1.8
1994,2,4,20,26,1.9
1994,2,4,20,50,1.2
1994,2,4,20,54,1.7
1994,2,4,20,58,1.7
1994,2,4,21,1,1.6
1994,2,4,21,19,2
1994,2,4,21,21,1.9
1994,2,4,21,24,1.7
1994,2,4,22,1,1.7
1994,2,4,22,51,2.4
1994,2,4,23,9,1.9
1994,2,4,23,20,2.1
1994,2,4,23,25,1.2
1994,2,4,23,27,1.5
1994,2,4,23,47,1.9
1994,2,4,23,53,1.8
1994,2,5,0,18,1.6
1994,2,5,0,19,1.5
1994,2,5,0,29,1.5
1994,2,5,0,35,1.6
1994,2,5,0,55,1.5
1994,2,5,1,5,1.7
1994,2,5,1,27,1.7
1994,2,5,1,54,1.8
1994,2,5,1,59,1.6
1994,2,5,2,6,1.7
1994,2,5,2,17,1.5
1994,2,5,2,18,1.4
1994,2,5,2,30,1.6
1994,2,5,3,15,1.6
1994,2,5,3,35,1.7
1994,2,5,3,43,1.7
1994,2,5,3,51,1.8
1994,2,5,4,32,1.5
1994,2,5,4,33,1.4
1994,2,5,4,43,1.5
1994,2,5,4,53,1.5
1994,2,5,5,29,1.2
1994,2,5,5,37,1.8
1994,2,5,6,7,1.4
1994,2,5,6,8,2
1994,2,5,6,19,1.4
1994,2,5,6,35,1.8
1994,2,5,6,52,1.5
1994,2,5,7,0,2.1
1994,2,5,7,11,2.5
1994,2,5,7,46,2
1994,2,5,8,16,2.3
1994,2,5,8,17,2.8
1994,2,5,8,44,2
1994,2,5,8,51,3.2
1994,2,5,8,51,3
1994,2,5,8,51,3.7
1994,2,5,8,58,2.9
1994,2,5,9,11,1.9
1994,2,5,9,14,1.9
1994,2,5,9,17,1.8
1994,2,5,9,39,1.8
1994,2,5,9,53,2.7
1994,2,5,9,59,1.7
1994,2,5,10,1,1.7
1994,2,5,10,18,1.9
1994,2,5,10,25,1.5
1994,2,5,10,32,2
1994,2,5,10,55,1.6
1994,2,5,11,8,2.2
1994,2,5,11,18,1.5
1994,2,5,11,19,2.8
1994,2,5,11,37,1.3
1994,2,5,11,42,1.9
1994,2,5,11,47,2.3
1994,2,5,12,7,1.6
1994,2,5,12,15,1.8
1994,2,5,12,17,2.4
1994,2,5,12,18,2.1
1994,2,5,12,22,1.8
1994,2,5,13,12,1.5
1994,2,5,13,38,1.3
1994,2,5,13,39,1.2
1994,2,5,13,49,1.5
1994,2,5,14,17,1.2
1994,2,5,14,31,1.6
1994,2,5,14,48,1.1
1994,2,5,15,1,1.4
1994,2,5,15,3,1.9
1994,2,5,15,11,1.8
1994,2,5,15,25,1.4
1994,2,5,15,41,1.3
1994,2,5,16,0,1.4
1994,2,5,16,2,1.8
1994,2,5,16,7,1.9
1994,2,5,16,23,1.8
1994,2,5,16,32,1.4
1994,2,5,16,42,1.3
1994,2,5,16,48,2.3
1994,2,5,16,59,2.4
1994,2,5,17,7,1.8
1994,2,5,17,15,1.7
1994,2,5,17,35,2.3
1994,2,5,17,45,1.8
1994,2,5,17,46,1.8
1994,2,5,17,51,1.2
1994,2,5,17,58,1.8
1994,2,5,18,25,1.6
1994,2,5,18,49,1.5
1994,2,5,18,57,1.1
1994,2,5,19,13,1.3
1994,2,5,19,26,1.2
1994,2,5,19,30,1.5
1994,2,5,19,42,1.4
1994,2,5,19,48,1.6
1994,2,5,19,50,1.8
1994,2,5,19,54,2.5
1994,2,5,20,2,1.7
1994,2,5,20,9,2.3
1994,2,5,20,17,1.6
1994,2,5,20,18,1.6
1994,2,5,20,57,1.7
1994,2,5,21,5,1.6
1994,2,5,21,13,1.6
1994,2,5,21,18,2.9
1994,2,5,21,30,1.7
1994,2,5,21,31,1.6
1994,2,5,21,57,1.5
1994,2,5,22,52,1.4
1994,2,5,23,0,1.3
1994,2,5,23,23,1.6
1994,2,5,23,27,1.6
1994,2,5,23,53,1.5
1994,2,6,0,8,1.5
1994,2,6,0,15,1.4
1994,2,6,0,25,2.2
1994,2,6,0,52,2.3
1994,2,6,1,30,1.5
1994,2,6,1,31,1.3
1994,2,6,1,41,1.3
1994,2,6,1,52,1.5
1994,2,6,2,20,1.9
1994,2,6,2,28,1.6
1994,2,6,2,35,1.6
1994,2,6,2,37,1.3
1994,2,6,2,39,2.1
1994,2,6,2,44,2.2
1994,2,6,2,53,1.4
1994,2,6,3,11,1.6
1994,2,6,9,19,1.1
