Mloc,Mvg,Mevg,Mivg,Hn,Hvol,Hpgmlen,Hdiff,Hintell,Heffort,Hb,Htime,Hloc,Hcomm,Hblank,loc+comm,uniOp,uniOpnd,totOp,totOpnd,brnchcnt,defect,predict:vg>10,predict:evg>14.5,predict:ivg>9.2,predict:loc>50
1.1,1.4,1.4,1.4,1.3,1.3,1.3,1.3,1.3,1,1.3,1,2,2,2,2,1.2,1.2,1.2,1.2,1.4,FALSE,no,no,no,no
1,1,1,1,1,1,1,1,1,1,1,1,1,1,1,1,1,1,1,1,1,TRUE,no,no,no,no
24,5,1,3,63,309.1,0.11,9.5,32.54,2937,0.1,163,1,0,6,0,15,15,44,19,9,FALSE,no,no,no,no
20,4,4,2,47,215.5,0.06,16,13.47,3448,0.07,192,0,0,3,0,16,8,31,16,7,FALSE,no,no,no,no
24,6,6,2,72,346.1,0.06,17.33,19.97,6000,0.12,333,0,0,3,0,16,12,46,26,11,FALSE,no,no,no,no
24,6,6,2,72,346.1,0.06,17.33,19.97,6000,0.12,333,0,0,3,0,16,12,46,26,11,FALSE,no,no,no,no
7,1,1,1,11,34.9,0.5,2,17.43,70,0.01,4,0,0,1,0,4,5,6,5,1,FALSE,no,no,no,no
12,2,1,2,23,94,0.16,6.43,14.62,604,0.03,34,0,0,7,0,10,7,14,9,3,FALSE,no,no,no,no
25,5,5,5,107,548.8,0.07,14.25,38.51,7821,0.18,434,12,16,13,0,15,20,69,38,9,FALSE,no,no,no,no
46,15,3,1,239,1362.4,0.04,22.3,61.1,30378,0.45,1688,8,35,22,0,15,37,129,110,29,FALSE,yes,no,no,no
34,5,5,1,155,856.2,0.05,20.76,41.24,17773,0.29,987,11,28,16,0,19,27,96,59,9,FALSE,no,no,no,no
10,2,1,1,35,143.1,0.11,9,15.9,1288,0.05,72,2,4,4,0,9,8,19,16,3,FALSE,no,no,no,no
23,7,5,1,157,770.4,0.04,28.12,27.4,21660,0.26,1203,10,17,23,0,17,13,114,43,13,FALSE,no,no,no,no
23,7,5,1,105,475,0.04,27.22,17.45,12930,0.16,718,10,17,23,0,14,9,70,35,13,FALSE,no,no,no,no
31,5,1,2,231,1303.7,0.04,27.5,47.41,35853,0.43,1992,2,15,40,0,22,28,161,70,9,FALSE,no,no,no,no
24,5,1,2,120,655.1,0.07,15.2,43.1,9958,0.22,553,3,20,23,0,19,25,80,40,9,FALSE,no,no,no,no
13,2,1,1,57,271,0.11,9.15,29.61,2481,0.09,138,6,5,8,0,14,13,40,17,3,FALSE,no,no,no,no
6,1,1,1,15,55.5,0.25,4,13.88,222,0.02,12,1,1,2,0,8,5,10,5,1,FALSE,no,no,no,no
33,2,1,2,135,745.7,0.09,11.65,64.01,8685,0.25,483,2,0,19,0,12,34,69,66,3,FALSE,no,no,no,no
6,1,1,1,15,55.5,0.25,4,13.88,222,0.02,12,1,1,0,0,8,5,10,5,1,FALSE,no,no,no,no
7,2,1,1,27,105.5,0.08,12,8.79,1266,0.04,70,0,0,1,0,10,5,15,12,3,FALSE,no,no,no,no
3,1,1,1,14,48.4,0.23,4.38,11.07,212,0.02,12,0,0,0,0,7,4,9,5,1,FALSE,no,no,no,no
7,1,1,1,29,110.4,0.21,4.88,22.65,538,0.04,30,0,0,0,0,6,8,16,13,1,FALSE,no,no,no,no
9,3,1,1,41,171,0.07,14.14,12.09,2418,0.06,134,0,0,1,0,11,7,23,18,5,FALSE,no,no,no,no
11,3,1,1,49,215.2,0.07,14.67,14.67,3157,0.07,175,0,0,1,0,12,9,27,22,5,FALSE,no,no,no,no
4,1,1,1,13,39,0.33,3,13,117,0.01,7,0,0,0,0,4,4,7,6,1,FALSE,no,no,no,no
3,1,1,1,7,19.7,0.4,2.5,7.86,49,0.01,3,0,0,0,0,5,2,5,2,1,FALSE,no,no,no,no
16,4,1,1,77,370.2,0.05,19.62,18.87,7261,0.12,403,11,30,7,0,15,13,43,34,7,FALSE,no,no,no,no
65,12,1,1,541,3327,0.02,42.02,79.18,139799,1.11,7767,5,95,33,0,19,52,311,230,23,FALSE,yes,no,no,yes
177,41,6,23,767,5580.8,0.02,54.82,101.81,305929,1.86,16996,63,31,134,0,45,110,499,268,60,FALSE,yes,no,yes,yes
14,5,1,3,41,185.5,0.07,15,12.36,2782,0.06,155,4,5,9,0,15,8,25,16,8,FALSE,no,no,no,no
361,70,27,46,1844,15345.6,0.01,97.73,157.03,1499684,5.12,83316,37,191,164,0,69,251,1133,711,110,FALSE,yes,yes,yes,yes
76,13,7,10,298,1948.7,0.03,32.21,60.5,62768,0.65,3487,3,48,27,0,36,57,196,102,24,FALSE,yes,no,yes,yes
31,1,1,1,461,2653,0.04,22.83,116.21,60566,0.88,3365,0,10,4,0,13,41,317,144,1,FALSE,no,no,no,no
20,3,1,3,71,351.8,0.1,10.29,34.17,3621,0.12,201,0,0,5,0,14,17,46,25,5,FALSE,no,no,no,no
27,5,3,3,108,540,0.05,21.86,24.71,11803,0.18,656,4,5,7,0,18,14,74,34,9,FALSE,no,no,no,no
15,3,1,3,52,260,0.14,7.18,36.19,1868,0.09,104,2,24,16,0,13,19,31,21,5,FALSE,no,no,no,no
13,4,1,4,59,295,0.09,11.03,26.75,3254,0.1,181,3,8,15,0,15,17,34,25,7,FALSE,no,no,no,no
32,6,1,6,123,687,0.08,12.89,53.31,8853,0.23,492,5,44,42,0,17,31,76,47,11,FALSE,no,no,no,no
25,3,1,3,120,684.1,0.07,14.11,48.49,9649,0.23,536,2,16,19,0,19,33,71,49,5,FALSE,no,no,no,no
22,4,4,4,75,381.6,0.07,13.42,28.43,5121,0.13,285,5,10,19,0,15,19,41,34,7,FALSE,no,no,no,no
28,6,1,4,128,707,0.04,23.1,30.61,16332,0.24,907,5,19,15,0,21,25,73,55,11,FALSE,no,no,no,no
18,2,1,2,122,625.8,0.04,24.42,25.62,15282,0.21,849,3,18,13,0,16,19,64,58,3,FALSE,no,no,no,no
24,5,1,3,197,1075.5,0.03,39.72,27.08,42716,0.36,2373,2,20,14,0,21,23,110,87,9,FALSE,no,no,no,no
62,9,4,6,310,2002.4,0.05,21.19,94.51,42426,0.67,2357,5,32,26,0,24,64,197,113,17,FALSE,no,no,no,yes
65,12,3,8,263,1653.1,0.07,15.19,108.84,25108,0.55,1395,0,34,17,0,17,61,154,109,23,FALSE,yes,no,no,yes
8,1,1,1,49,181.3,0.14,7,25.9,1269,0.06,71,0,3,3,0,7,6,37,12,1,FALSE,no,no,no,no
18,4,1,4,80,428.6,0.13,7.89,54.3,3383,0.14,188,2,2,12,0,13,28,46,34,7,FALSE,no,no,no,no
6,1,1,1,11,30.9,0.38,2.67,11.58,82,0.01,5,1,2,0,0,4,3,7,4,1,FALSE,no,no,no,no
48,7,1,7,250,1627,0.07,14.23,114.37,23144,0.54,1286,4,28,39,0,20,71,149,101,13,FALSE,no,no,no,no
127,10,1,10,737,5334.7,0.04,24.9,214.24,132838,1.78,7380,4,31,77,0,25,126,486,251,19,FALSE,no,no,yes,yes
21,4,1,4,77,391.7,0.13,7.64,51.3,2991,0.13,166,0,23,55,0,12,22,49,28,7,FALSE,no,no,no,no
32,2,1,2,214,1284,0.05,18.78,68.36,24117,0.43,1340,1,8,12,0,18,46,118,96,3,FALSE,no,no,no,no
41,6,1,5,169,985.8,0.06,17.21,57.28,16963,0.33,942,3,47,40,0,21,36,110,59,11,FALSE,no,no,no,no
23,5,1,5,51,236.8,0.13,7.85,30.19,1858,0.08,103,1,20,13,0,12,13,34,17,9,FALSE,no,no,no,no
8,2,1,1,36,158.1,0.18,5.5,28.75,870,0.05,48,0,6,7,0,11,10,26,10,3,FALSE,no,no,no,no
25,4,1,1,95,475,0.07,15,31.67,7125,0.16,396,0,8,7,0,16,16,65,30,7,FALSE,no,no,no,no
8,2,1,1,12,39.9,0.27,3.75,10.63,149,0.01,8,1,6,3,0,6,4,7,5,3,FALSE,no,no,no,no
17,3,1,3,102,535.3,0.07,14.57,36.74,7800,0.18,433,2,2,9,0,17,21,66,36,5,FALSE,no,no,no,no
38,5,1,5,176,1047.9,0.05,19.25,54.44,20173,0.35,1121,2,12,12,0,22,40,106,70,9,FALSE,no,no,no,no
31,5,5,5,140,809.4,0.07,14.84,54.55,12010,0.27,667,10,9,23,0,18,37,79,61,9,FALSE,no,no,no,no
21,4,1,3,61,310.3,0.1,10.26,30.24,3185,0.1,177,0,3,3,0,15,19,35,26,7,FALSE,no,no,no,no
21,4,1,3,61,310.3,0.1,10.26,30.24,3185,0.1,177,0,3,3,0,15,19,35,26,7,FALSE,no,no,no,no
14,2,1,1,25,97.7,0.09,11,8.88,1074,0.03,60,0,0,3,0,10,5,14,11,3,FALSE,no,no,no,no
6,1,1,1,16,57.4,0.29,3.5,16.39,201,0.02,11,0,4,0,0,7,5,11,5,1,FALSE,no,no,no,no
29,5,1,2,111,569.4,0.05,20.78,27.4,11830,0.19,657,0,17,6,0,17,18,67,44,9,FALSE,no,no,no,no
18,3,1,1,91,459,0.08,12.89,35.6,5919,0.15,329,1,11,8,0,14,19,56,35,5,FALSE,no,no,no,no
55,11,5,8,217,1311.6,0.04,26.83,48.89,35190,0.44,1955,0,8,17,0,25,41,129,88,21,FALSE,yes,no,no,yes
47,3,1,1,150,937.2,0.06,15.65,59.87,14671,0.31,815,0,39,14,0,21,55,68,82,5,FALSE,no,no,no,no
32,6,4,2,95,498.6,0.04,22.85,21.82,11393,0.17,633,2,14,10,0,21,17,58,37,11,FALSE,no,no,no,no
32,3,1,1,538,3124.4,0.02,53.2,58.73,166216,1.04,9234,3,13,22,0,16,40,272,266,5,FALSE,no,no,no,no
38,4,1,1,165,911.4,0.04,24.28,37.54,22126,0.3,1229,0,11,10,0,19,27,96,69,6,FALSE,no,no,no,no
14,2,1,1,56,260.1,0.14,7.07,36.78,1839,0.09,102,0,0,0,0,11,14,38,18,3,FALSE,no,no,no,no
60,5,1,5,331,2164.5,0.05,22.12,97.85,47877,0.72,2660,9,14,39,0,26,67,217,114,9,FALSE,no,no,no,yes
10,1,1,1,32,125,0.16,6.13,20.41,766,0.04,43,0,2,5,0,7,8,18,14,1,FALSE,no,no,no,no
16,3,1,3,73,358.2,0.11,9,39.8,3224,0.12,179,10,6,9,0,12,18,46,27,5,FALSE,no,no,no,no
12,2,1,2,33,142.6,0.16,6.11,23.34,872,0.05,48,0,4,4,0,11,9,23,10,3,FALSE,no,no,no,no
13,2,1,1,41,174.2,0.1,9.63,18.1,1676,0.06,93,0,0,3,0,11,8,27,14,3,FALSE,no,no,no,no
16,2,1,2,42,192.6,0.11,9.1,21.16,1752,0.06,97,0,13,5,0,14,10,29,13,3,FALSE,no,no,no,no
27,4,3,3,95,521.7,0.06,18.12,28.78,9456,0.17,525,3,5,22,0,25,20,66,29,7,FALSE,no,no,no,no
31,5,4,4,110,604.1,0.06,17.25,35.02,10421,0.2,579,3,15,19,0,23,22,77,33,9,FALSE,no,no,no,no
10,1,1,1,10,28.1,0.5,2,14.04,56,0.01,3,0,1,5,0,4,3,7,3,1,FALSE,no,no,no,no
37,5,1,3,93,494.9,0.06,16,30.93,7919,0.16,440,2,28,12,0,20,20,61,32,9,FALSE,no,no,no,no
8,1,1,1,9,27,0.4,2.5,10.8,68,0.01,4,0,1,2,0,5,3,6,3,1,FALSE,no,no,no,no
8,1,1,1,33,134.9,0.16,6.19,21.8,835,0.04,46,0,2,6,0,9,8,22,11,1,FALSE,no,no,no,no
9,1,1,1,44,183.5,0.14,7,26.21,1284,0.06,71,1,5,5,0,9,9,30,14,1,FALSE,no,no,no,no
9,1,1,1,36,140.7,0.12,8.25,17.05,1160,0.05,64,0,5,3,0,9,6,25,11,1,FALSE,no,no,no,no
7,1,1,1,8,22.5,0.4,2.5,8.98,56,0.01,3,0,1,2,0,5,2,6,2,1,FALSE,no,no,no,no
26,4,3,2,99,511.8,0.08,13.2,38.77,6756,0.17,375,0,6,5,0,16,20,66,33,7,FALSE,no,no,no,no
7,1,1,1,25,97.7,0.17,6,16.28,586,0.03,33,0,2,5,0,9,6,17,8,1,FALSE,no,no,no,no
14,1,1,1,86,365.3,0.08,13.05,27.99,4767,0.12,265,0,6,5,0,9,10,57,29,1,FALSE,no,no,no,no
9,1,1,1,14,46.5,0.21,4.67,9.97,217,0.02,12,0,0,4,0,7,3,10,4,1,FALSE,no,no,no,no
11,1,1,1,23,82.5,0.14,7,11.78,577,0.03,32,0,0,5,0,8,4,16,7,1,FALSE,no,no,no,no
34,6,1,3,135,745.7,0.08,12.6,59.16,9398,0.25,522,0,8,6,0,17,29,92,43,11,FALSE,no,no,no,no
7,1,1,1,11,34.9,0.29,3.5,9.96,122,0.01,7,0,1,4,0,7,2,9,2,1,FALSE,no,no,no,no
31,7,1,5,126,618.3,0.04,23.5,26.31,14529,0.21,807,2,30,21,0,15,15,79,47,13,FALSE,no,no,no,no
8,1,1,1,9,27,0.4,2.5,10.8,68,0.01,4,0,1,2,0,5,3,6,3,1,FALSE,no,no,no,no
6,1,1,1,10,30,0.33,3,10,90,0.01,5,0,0,2,0,6,2,8,2,1,FALSE,no,no,no,no
7,1,1,1,10,33.2,0.29,3.5,9.49,116,0.01,6,0,0,2,0,7,3,7,3,1,FALSE,no,no,no,no
15,2,1,1,60,285.3,0.13,7.6,37.54,2168,0.1,120,0,0,7,0,12,15,41,19,3,FALSE,no,no,no,no
16,1,1,1,64,289.5,0.12,8.36,34.64,2419,0.1,134,0,0,7,0,9,14,38,26,1,FALSE,no,no,no,no
19,1,1,1,64,293.4,0.1,9.73,30.16,2855,0.1,159,0,1,13,0,11,13,41,23,1,FALSE,no,no,no,no
130,29,7,27,729,5103,0.02,55.88,91.32,285171,1.7,15843,45,13,53,0,34,94,420,309,57,FALSE,yes,no,yes,yes
30,4,1,4,122,630.7,0.05,20.71,30.45,13065,0.21,726,3,3,12,0,15,21,64,58,7,FALSE,no,no,no,no
34,6,1,6,146,771.7,0.08,12,64.31,9260,0.26,514,4,0,10,0,12,27,92,54,11,FALSE,no,no,no,no
20,6,6,2,241,1299.6,0.02,46,28.25,59779,0.43,3321,1,6,6,0,23,19,165,76,11,FALSE,no,no,no,no
17,2,1,1,53,252,0.07,14.38,17.53,3623,0.08,201,0,0,7,0,15,12,30,23,3,FALSE,no,no,no,no
17,2,1,1,53,252,0.07,14.38,17.53,3623,0.08,201,0,0,6,0,15,12,30,23,3,FALSE,no,no,no,no
26,8,8,1,210,1125.1,0.04,23.02,48.87,25900,0.38,1439,0,5,3,0,17,24,145,65,15,FALSE,no,no,no,no
10,1,1,1,22,69.7,0.18,5.63,12.4,392,0.02,22,0,0,0,0,5,4,13,9,1,FALSE,no,no,no,no
6,1,1,1,11,36.5,0.33,3,12.18,110,0.01,6,0,0,0,0,6,4,7,4,1,FALSE,no,no,no,no
8,1,1,1,11,30.9,0.38,2.67,11.58,82,0.01,5,0,0,3,0,4,3,7,4,1,FALSE,no,no,no,no
93,17,7,6,407,2692.2,0.02,48.06,56.02,129375,0.9,7187,13,55,24,0,35,63,234,173,33,FALSE,yes,no,no,yes
128,25,12,9,790,5664.2,0.02,54.33,104.25,307757,1.89,17098,33,58,2,0,36,108,464,326,49,FALSE,yes,no,no,yes
28,3,1,3,103,551.8,0.09,11.69,47.22,6449,0.18,358,0,11,1,0,17,24,70,33,5,FALSE,no,no,no,no
19,2,1,2,62,312.8,0.11,9.41,33.23,2944,0.1,164,0,3,1,0,16,17,42,20,3,FALSE,no,no,no,no
19,2,1,2,57,282.4,0.11,8.91,31.71,2515,0.09,140,0,3,2,0,15,16,38,19,3,FALSE,no,no,no,no
21,3,1,3,62,298.1,0.12,8.63,34.56,2571,0.1,143,0,2,2,0,12,16,39,23,5,FALSE,no,no,no,no
154,17,10,13,695,5143.6,0.03,38.57,133.35,198396,1.71,11022,20,119,26,0,36,133,410,285,28,FALSE,yes,no,yes,yes
125,18,1,13,438,3131.6,0.02,40.25,77.8,126046,1.04,7003,13,50,21,0,46,96,270,168,31,FALSE,yes,no,yes,yes
14,2,1,1,24,100.1,0.13,7.86,12.74,786,0.03,44,0,1,4,0,11,7,14,10,3,FALSE,no,no,no,no
127,30,8,5,690,4697.1,0.03,36.21,129.72,170067,1.57,9448,7,39,5,0,25,87,438,252,59,FALSE,yes,no,no,yes
12,1,1,1,29,110.4,0.3,3.33,33.12,368,0.04,20,0,0,0,0,5,9,17,12,1,FALSE,no,no,no,no
18,2,1,2,72,372.2,0.09,11.63,32,4330,0.12,241,0,9,2,0,17,19,46,26,3,FALSE,no,no,no,no
20,3,1,3,89,452.8,0.09,11.56,39.18,5232,0.15,291,0,3,5,0,16,18,63,26,5,FALSE,no,no,no,no
36,4,1,4,156,851.7,0.06,17.63,48.31,15015,0.28,834,2,13,3,0,17,27,100,56,6,FALSE,no,no,no,no
160,32,7,20,488,3443,0.04,22.73,151.5,78245,1.15,4347,12,33,22,0,29,104,325,163,58,FALSE,yes,no,yes,yes
47,10,9,7,318,1980.8,0.05,18.86,105.02,37359,0.66,2076,6,7,8,0,21,54,221,97,19,FALSE,no,no,no,no
6,1,1,1,6,15.5,0.5,2,7.75,31,0.01,2,0,0,0,0,4,2,4,2,1,FALSE,no,no,no,no
6,1,1,1,6,15.5,0.5,2,7.75,31,0.01,2,0,0,0,0,4,2,4,2,1,FALSE,no,no,no,no
38,4,3,1,153,892.4,0.07,14.75,60.5,13163,0.3,731,3,35,2,0,19,38,94,59,7,FALSE,no,no,no,no
6,1,1,1,6,15.5,0.5,2,7.75,31,0.01,2,0,0,0,0,4,2,4,2,1,FALSE,no,no,no,no
12,1,1,1,21,75.3,0.5,2,37.64,151,0.03,8,0,0,0,0,4,8,13,8,1,FALSE,no,no,no,no
12,1,1,1,25,92.5,0.38,2.67,34.69,247,0.03,14,0,0,0,0,4,9,13,12,1,FALSE,no,no,no,no
9,1,1,1,25,92.5,0.38,2.67,34.69,247,0.03,14,0,0,0,0,4,9,13,12,1,FALSE,no,no,no,no
41,2,1,2,241,1472.2,0.06,15.69,93.81,23102,0.49,1283,0,7,14,0,17,52,145,96,3,FALSE,no,no,no,no
30,2,1,2,151,852.2,0.07,14.68,58.05,12512,0.28,695,0,6,5,0,17,33,94,57,3,FALSE,no,no,no,no
6,1,1,1,7,19.7,0.4,2.5,7.86,49,0.01,3,0,0,0,0,5,2,5,2,1,FALSE,no,no,no,no
20,5,1,1,63,288.9,0.05,21,13.75,6066,0.1,337,0,0,4,0,16,8,42,21,9,FALSE,no,no,no,no
149,15,11,6,781,5576,0.02,46.92,118.83,261641,1.86,14536,2,65,10,0,31,110,448,333,29,FALSE,yes,no,no,yes
6,1,1,1,8,22.5,0.5,2,11.23,45,0.01,3,0,0,0,0,4,3,5,3,1,FALSE,no,no,no,no
16,3,1,2,70,353.1,0.13,7.71,45.77,2724,0.12,151,2,18,10,0,12,21,43,27,5,FALSE,no,no,no,no
15,1,1,1,46,179.7,0.19,5.25,34.23,944,0.06,52,0,0,5,0,5,10,25,21,1,FALSE,no,no,no,no
13,1,1,1,69,298.2,0.06,15.5,19.24,4622,0.1,257,0,6,5,0,10,10,38,31,1,FALSE,no,no,no,no
6,1,1,1,13,45,0.29,3.5,12.85,157,0.01,9,0,0,0,0,7,4,9,4,1,FALSE,no,no,no,no
14,2,1,1,37,151.2,0.11,9.29,16.29,1404,0.05,78,3,0,4,0,10,7,24,13,3,FALSE,no,no,no,no
14,2,1,1,37,151.2,0.11,9.29,16.29,1404,0.05,78,3,0,4,0,10,7,24,13,3,FALSE,no,no,no,no
27,3,1,1,130,744.6,0.08,12.04,61.85,8965,0.25,498,0,39,12,0,15,38,69,61,5,FALSE,no,no,no,no
19,2,1,2,60,300,0.11,9.5,31.58,2850,0.1,158,0,6,0,0,16,16,41,19,3,FALSE,no,no,no,no
21,2,1,2,105,525,0.04,23,22.83,12075,0.18,671,6,6,3,0,16,16,59,46,3,FALSE,no,no,no,no
6,1,1,1,13,43.2,0.27,3.75,11.52,162,0.01,9,0,0,1,0,6,4,8,5,1,FALSE,no,no,no,no
16,3,3,2,40,185.8,0.13,7.64,24.32,1418,0.06,79,0,5,0,0,14,11,28,12,5,FALSE,no,no,no,no
55,9,1,3,292,1738.6,0.03,33.32,52.18,57932,0.58,3218,12,20,10,0,23,39,179,113,17,FALSE,no,no,no,yes
6,1,1,1,5,11.6,0.67,1.5,7.74,17,0,1,0,0,0,0,3,2,3,2,1,FALSE,no,no,no,no
9,1,1,1,18,62.3,0.44,2.29,27.24,142,0.02,8,0,0,1,0,4,7,10,8,1,FALSE,no,no,no,no
12,1,1,1,29,110.4,0.3,3.33,33.12,368,0.04,20,0,0,0,0,5,9,17,12,1,FALSE,no,no,no,no
12,1,1,1,25,92.5,0.38,2.67,34.69,247,0.03,14,0,0,0,0,4,9,13,12,1,FALSE,no,no,no,no
69,19,19,13,418,2746.2,0.03,36.57,75.09,100429,0.92,5579,0,18,24,0,31,64,267,151,37,FALSE,yes,yes,yes,yes
138,25,1,24,625,4677.4,0.04,27.21,171.89,127276,1.56,7071,1,58,6,0,32,147,375,250,47,FALSE,yes,no,yes,yes
6,1,1,1,6,15.5,0.5,2,7.75,31,0.01,2,0,0,0,0,4,2,4,2,1,FALSE,no,no,no,no
6,1,1,1,6,15.5,0.5,2,7.75,31,0.01,2,0,0,0,0,4,2,4,2,1,FALSE,no,no,no,no
72,16,9,7,255,1573.3,0.05,18.26,86.16,28729,0.52,1596,1,19,6,0,22,50,172,83,31,FALSE,yes,no,no,yes
6,1,1,1,4,8,0.67,1.5,5.33,12,0,1,0,0,0,0,3,1,3,1,1,FALSE,no,no,no,no
6,1,1,1,5,11.6,0.5,2,5.8,23,0,1,0,0,0,0,4,1,4,1,1,FALSE,no,no,no,no
6,1,1,1,7,19.7,0.4,2.5,7.86,49,0.01,3,0,0,0,0,5,2,5,2,1,FALSE,no,no,no,no
6,1,1,1,9,27,0.4,2.5,10.8,68,0.01,4,0,4,0,0,5,3,6,3,1,FALSE,no,no,no,no
11,1,1,1,22,73.1,0.47,2.14,34.11,157,0.02,9,0,0,0,0,3,7,12,10,1,FALSE,no,no,no,no
23,4,1,4,75,396.4,0.09,11.57,34.26,4587,0.13,255,1,23,0,0,18,21,48,27,7,FALSE,no,no,no,no
17,1,1,1,49,221.7,0.26,3.88,57.09,861,0.07,48,0,9,1,0,6,17,27,22,1,FALSE,no,no,no,no
60,13,1,6,155,919.3,0.07,13.9,66.12,12780,0.31,710,4,15,0,0,20,41,98,57,19,FALSE,yes,no,no,yes
32,5,1,3,72,360,0.08,13.24,27.2,4765,0.12,265,1,0,1,0,15,17,42,30,9,FALSE,no,no,no,no
16,3,3,1,33,145,0.09,10.56,13.72,1531,0.05,85,1,0,4,0,13,8,20,13,5,FALSE,no,no,no,no
42,2,1,2,210,1316,0.07,13.88,94.81,18268,0.44,1015,0,6,1,0,18,59,119,91,3,FALSE,no,no,no,no
6,1,1,1,8,22.5,0.5,2,11.23,45,0.01,3,0,0,0,0,4,3,5,3,1,FALSE,no,no,no,no
14,2,1,1,67,328.8,0.09,11.47,28.66,3771,0.11,210,6,13,1,0,13,17,37,30,3,FALSE,no,no,no,no
27,3,1,1,87,456.6,0.12,8.31,54.96,3793,0.15,211,0,9,0,0,12,26,51,36,5,FALSE,no,no,no,no
8,1,1,1,24,88.8,0.14,7.2,12.33,639,0.03,36,0,0,0,0,8,5,15,9,1,FALSE,no,no,no,no
7,1,1,1,13,39,0.33,3,13,117,0.01,7,0,0,0,0,4,4,7,6,1,FALSE,no,no,no,no
31,5,1,1,67,284.6,0.05,19.94,14.28,5674,0.09,315,1,4,1,0,11,8,38,29,9,FALSE,no,no,no,no
8,1,1,1,12,39.9,0.21,4.67,8.54,186,0.01,10,0,3,0,0,7,3,8,4,1,FALSE,no,no,no,no
11,1,1,1,29,116,0.09,10.83,10.71,1257,0.04,70,0,3,0,0,10,6,16,13,1,FALSE,no,no,no,no
6,1,1,1,4,8,0.67,1.5,5.33,12,0,1,0,0,0,0,3,1,3,1,1,FALSE,no,no,no,no
13,2,1,1,20,74,0.29,3.5,21.15,259,0.02,14,0,0,0,0,7,6,14,6,3,FALSE,no,no,no,no
6,1,1,1,10,31.7,0.33,3,10.57,95,0.01,5,0,3,0,0,6,3,7,3,1,FALSE,no,no,no,no
22,2,1,2,81,422,0.09,11.48,36.77,4842,0.14,269,0,12,1,0,17,20,54,27,3,FALSE,no,no,no,no
29,7,5,2,100,508.8,0.04,25.33,20.08,12888,0.17,716,0,9,5,0,19,15,60,40,13,FALSE,no,no,no,no
9,1,1,1,81,366.4,0.05,20.22,18.12,7410,0.12,412,0,2,3,0,14,9,55,26,1,FALSE,no,no,no,no
16,4,4,1,135,675,0.04,24.37,27.7,16448,0.23,914,0,3,4,0,17,15,92,43,7,FALSE,no,no,no,no
92,15,15,15,466,2643.4,0.02,57,46.37,150671,0.88,8371,27,41,67,0,19,32,274,192,29,FALSE,yes,yes,yes,yes
18,4,4,1,76,369.2,0.07,15.38,24,5680,0.12,316,7,11,9,0,16,13,51,25,7,FALSE,no,no,no,no
36,6,1,6,182,1005.3,0.05,21.46,46.84,21576,0.34,1199,9,22,15,0,19,27,121,61,11,FALSE,no,no,no,no
5,1,1,1,9,28.5,0.33,3,9.51,86,0.01,5,1,1,0,0,6,3,6,3,1,FALSE,no,no,no,no
22,3,1,3,69,341.8,0.07,14.06,24.31,4807,0.11,267,4,0,6,0,15,16,39,30,5,FALSE,no,no,no,no
3,1,1,1,7,18.1,0.4,2.5,7.24,45,0.01,3,0,0,0,0,5,1,6,1,1,FALSE,no,no,no,no
7,2,1,1,27,105.5,0.08,12,8.79,1266,0.04,70,0,0,1,0,10,5,15,12,3,FALSE,no,no,no,no
3,1,1,1,14,48.4,0.23,4.38,11.07,212,0.02,12,0,0,0,0,7,4,9,5,1,FALSE,no,no,no,no
7,1,1,1,29,110.4,0.21,4.88,22.65,538,0.04,30,0,0,0,0,6,8,16,13,1,FALSE,no,no,no,no
9,3,1,1,41,171,0.07,14.14,12.09,2418,0.06,134,0,0,1,0,11,7,23,18,5,FALSE,no,no,no,no
11,3,1,1,49,215.2,0.07,14.67,14.67,3157,0.07,175,0,0,1,0,12,9,27,22,5,FALSE,no,no,no,no
4,1,1,1,13,39,0.33,3,13,117,0.01,7,0,0,0,0,4,4,7,6,1,FALSE,no,no,no,no
3,1,1,1,7,19.7,0.4,2.5,7.86,49,0.01,3,0,0,0,0,5,2,5,2,1,FALSE,no,no,no,no
30,4,1,2,193,1149.2,0.04,25.34,45.35,29117,0.38,1618,10,22,21,0,25,37,118,75,7,FALSE,no,no,no,no
5,1,1,1,5,11.6,0.67,1.5,7.74,17,0,1,1,1,2,0,3,2,3,2,1,FALSE,no,no,no,no
16,4,1,2,109,591.5,0.04,25.89,22.84,15316,0.2,851,6,10,9,0,24,19,68,41,7,FALSE,no,no,no,no
5,1,1,1,5,11.6,0.67,1.5,7.74,17,0,1,1,1,2,0,3,2,3,2,1,FALSE,no,no,no,no
15,4,1,2,109,591.5,0.04,25.89,22.84,15316,0.2,851,7,10,10,0,24,19,68,41,7,FALSE,no,no,no,no
40,10,1,8,399,2609.1,0.03,31.3,83.37,81654,0.87,4536,35,31,46,0,27,66,246,153,19,FALSE,no,no,no,no
5,1,1,1,5,11.6,0.67,1.5,7.74,17,0,1,1,1,2,0,3,2,3,2,1,FALSE,no,no,no,no
5,1,1,1,5,11.6,0.67,1.5,7.74,17,0,1,1,1,2,0,3,2,3,2,1,FALSE,no,no,no,no
12,2,1,1,100,517,0.07,15.21,33.99,7864,0.17,437,8,14,8,0,17,19,66,34,3,FALSE,no,no,no,no
5,1,1,1,6,15.5,0.5,2,7.75,31,0.01,2,1,7,1,0,4,2,4,2,1,FALSE,no,no,no,no
44,6,1,4,380,2490.7,0.03,34.84,71.49,86774,0.83,4821,18,28,33,0,32,62,245,135,11,FALSE,no,no,no,no
31,5,1,5,141,734.5,0.06,16.56,44.36,12164,0.24,676,5,0,10,0,12,25,72,69,9,FALSE,no,no,no,no
22,6,1,3,94,503.6,0.05,19.95,25.24,10047,0.17,558,11,21,25,0,21,20,56,38,11,FALSE,no,no,no,no
20,4,1,4,122,666.1,0.07,14.44,46.13,9618,0.22,534,2,13,9,0,19,25,84,38,7,FALSE,no,no,no,no
27,6,3,5,140,801.9,0.07,14.9,53.81,11951,0.27,664,4,16,20,0,22,31,98,42,11,FALSE,no,no,no,no
6,1,1,1,28,121,0.2,5,24.2,605,0.04,34,3,3,3,0,10,10,18,10,1,FALSE,no,no,no,no
25,2,1,2,140,759.7,0.06,15.45,49.18,11736,0.25,652,2,4,10,0,14,29,76,64,3,FALSE,no,no,no,no
10,2,1,1,45,206.3,0.1,9.8,21.05,2022,0.07,112,5,4,6,0,14,10,31,14,3,FALSE,no,no,no,no
10,2,1,1,45,206.3,0.1,9.8,21.05,2022,0.07,112,5,4,6,0,14,10,31,14,3,FALSE,no,no,no,no
5,1,1,1,5,11.6,0.5,2,5.8,23,0,1,3,3,2,0,4,1,4,1,1,FALSE,no,no,no,no
14,3,1,2,56,266.3,0.12,8.62,30.91,2294,0.09,127,4,8,7,0,14,13,40,16,5,FALSE,no,no,no,no
20,4,1,4,97,526.4,0.09,11.12,47.35,5851,0.18,325,3,12,14,0,17,26,63,34,7,FALSE,no,no,no,no
28,7,5,5,142,809.5,0.07,14.56,55.58,11789,0.27,655,4,18,19,0,21,31,99,43,13,FALSE,no,no,no,no
3,1,1,1,11,34.9,0.29,3.5,9.96,122,0.01,7,0,3,7,0,7,2,9,2,1,FALSE,no,no,no,no
45,12,5,8,288,1810.2,0.04,26.32,68.78,47644,0.6,2647,21,29,36,0,28,50,194,94,23,FALSE,yes,no,no,no
7,2,1,2,25,102.2,0.16,6.19,16.52,632,0.03,35,0,2,2,0,9,8,14,11,3,FALSE,no,no,no,no
7,2,1,2,25,102.2,0.16,6.19,16.52,632,0.03,35,0,2,2,0,9,8,14,11,3,FALSE,no,no,no,no
7,2,1,2,25,102.2,0.16,6.19,16.52,632,0.03,35,0,2,2,0,9,8,14,11,3,FALSE,no,no,no,no
7,2,1,2,25,102.2,0.16,6.19,16.52,632,0.03,35,0,2,2,0,9,8,14,11,3,FALSE,no,no,no,no
7,2,1,2,25,102.2,0.16,6.19,16.52,632,0.03,35,0,2,2,0,9,8,14,11,3,FALSE,no,no,no,no
7,2,1,2,25,102.2,0.16,6.19,16.52,632,0.03,35,0,2,2,0,9,8,14,11,3,FALSE,no,no,no,no
7,2,1,2,25,102.2,0.16,6.19,16.52,632,0.03,35,0,2,2,0,9,8,14,11,3,FALSE,no,no,no,no
11,2,1,1,32,130.8,0.08,12,10.9,1570,0.04,87,2,2,3,0,12,5,22,10,3,FALSE,no,no,no,no
11,2,1,1,48,207.5,0.08,12,17.29,2489,0.07,138,2,2,3,0,12,8,32,16,3,FALSE,no,no,no,no
27,8,4,6,93,484.5,0.07,13.74,35.27,6655,0.16,370,14,22,9,0,18,19,64,29,15,FALSE,no,no,no,no
10,2,1,2,26,104,0.15,6.67,15.6,693,0.03,39,4,12,5,0,10,6,18,8,3,FALSE,no,no,no,no
9,2,1,1,27,110.4,0.12,8.25,13.38,910,0.04,51,3,3,1,0,11,6,18,9,3,FALSE,no,no,no,no
9,2,1,1,43,185.8,0.11,9.17,20.27,1704,0.06,95,3,3,1,0,11,9,28,15,3,FALSE,no,no,no,no
20,3,1,1,36,147.2,0.07,14.67,10.03,2158,0.05,120,0,0,5,0,11,6,20,16,5,FALSE,no,no,no,no
98,10,10,7,486,3428.9,0.04,27.25,125.84,93428,1.14,5190,6,57,49,0,32,101,314,172,19,FALSE,no,no,no,yes
172,25,15,24,750,5588.4,0.04,22.99,243.12,128458,1.86,7137,20,56,77,0,27,148,498,252,49,FALSE,yes,yes,yes,yes
6,1,1,1,50,216.1,0.18,5.65,38.22,1222,0.07,68,0,0,2,0,7,13,29,21,1,FALSE,no,no,no,no
43,4,1,4,267,1619.7,0.05,19.2,84.37,31094,0.54,1727,1,29,31,0,19,48,170,97,7,FALSE,no,no,no,no
36,2,1,2,171,916.1,0.04,24.18,37.89,22154,0.31,1231,11,31,34,0,19,22,115,56,3,FALSE,no,no,no,no
21,4,1,3,87,472.1,0.11,9.48,49.79,4476,0.16,249,11,5,14,0,16,27,55,32,7,FALSE,no,no,no,no
6,1,1,1,23,92,0.19,5.14,17.89,473,0.03,26,2,7,2,0,9,7,15,8,1,FALSE,no,no,no,no
5,1,1,1,14,51.8,0.22,4.5,11.51,233,0.02,13,2,0,1,0,9,4,10,4,1,FALSE,no,no,no,no
5,1,1,1,14,53.3,0.22,4.5,11.85,240,0.02,13,3,0,1,0,9,5,9,5,1,FALSE,no,no,no,no
8,1,1,1,39,162.6,0.12,8.13,20.02,1321,0.05,73,5,0,5,0,10,8,26,13,1,FALSE,no,no,no,no
6,1,1,1,35,143.1,0.15,6.75,21.19,966,0.05,54,6,0,4,0,9,8,23,12,1,FALSE,no,no,no,no
16,4,1,2,91,474.1,0.05,19.41,24.42,9202,0.16,511,1,1,5,0,20,17,58,33,7,FALSE,no,no,no,no
14,3,1,3,37,167.4,0.1,10.4,16.09,1741,0.06,97,0,7,4,0,13,10,21,16,5,FALSE,no,no,no,no
88,19,9,9,492,3289.8,0.02,48.79,67.42,160517,1.1,8918,6,51,39,0,33,70,285,207,37,FALSE,yes,no,no,yes
29,4,1,3,151,912.7,0.05,18.53,49.27,16908,0.3,939,7,6,18,0,26,40,94,57,6,FALSE,no,no,no,no
60,21,5,15,809,5767.6,0.01,73.1,78.9,421635,1.92,23424,16,37,49,0,44,96,490,319,41,FALSE,yes,no,yes,yes
52,10,3,6,342,2220.2,0.02,46.67,47.58,103610,0.74,5756,12,25,31,0,36,54,202,140,19,FALSE,no,no,no,yes
7,1,1,1,19,76,0.22,4.5,16.89,342,0.03,19,1,0,1,0,8,8,10,9,1,FALSE,no,no,no,no
8,1,1,1,34,147,0.2,5,29.39,735,0.05,41,2,5,7,0,8,12,19,15,1,FALSE,no,no,no,no
20,1,1,1,99,507.8,0.12,8.25,61.55,4189,0.17,233,3,4,6,0,11,24,63,36,1,FALSE,no,no,no,no
29,6,1,6,133,707.8,0.04,24,29.49,16988,0.24,944,7,3,5,0,20,20,85,48,8,FALSE,no,no,no,no
9,1,1,1,28,114.5,0.14,7.14,16.02,817,0.04,45,0,0,2,0,10,7,18,10,1,FALSE,no,no,no,no
15,4,4,2,55,264.4,0.08,12,22.03,3173,0.09,176,1,0,1,0,16,12,37,18,7,FALSE,no,no,no,no
14,2,1,1,51,239.7,0.11,9.5,25.23,2277,0.08,127,2,7,7,0,13,13,32,19,3,FALSE,no,no,no,no
22,3,1,1,47,215.5,0.12,8.03,26.81,1732,0.07,96,0,0,1,0,11,13,28,19,4,FALSE,no,no,no,no
63,15,4,3,262,1626.9,0.03,35.45,45.89,57671,0.54,3204,5,0,17,0,35,39,183,79,20,FALSE,yes,no,no,yes
9,2,1,1,40,178.4,0.14,7.22,24.7,1288,0.06,72,2,1,3,0,13,9,30,10,3,FALSE,no,no,no,no
9,2,1,1,39,173.9,0.14,7.22,24.08,1256,0.06,70,2,0,3,0,13,9,29,10,3,FALSE,no,no,no,no
17,4,1,2,68,340,0.07,13.6,25,4624,0.11,257,1,1,6,0,17,15,44,24,7,FALSE,no,no,no,no
9,3,3,1,19,70.3,0.21,4.8,14.65,337,0.02,19,0,0,0,0,8,5,13,6,5,FALSE,no,no,no,no
10,2,1,1,62,294.8,0.08,12.5,23.58,3685,0.1,205,4,0,4,0,15,12,42,20,3,FALSE,no,no,no,no
3,1,1,1,5,11.6,0.5,2,5.8,23,0,1,0,0,0,0,4,1,4,1,1,FALSE,no,no,no,no
9,5,5,1,31,124,0.16,6.43,19.29,797,0.04,44,0,0,0,0,9,7,21,10,9,FALSE,no,no,no,no
101,19,9,8,677,4887.4,0.02,64.68,75.56,316116,1.63,17562,44,76,84,0,49,100,413,264,37,FALSE,yes,no,no,yes
29,8,1,6,555,3695.3,0.02,48.05,76.91,177560,1.23,9864,28,6,17,0,31,70,338,217,15,FALSE,no,no,no,no
22,6,5,4,185,1092.8,0.03,29.45,37.1,32187,0.36,1788,3,8,16,0,27,33,113,72,11,FALSE,no,no,no,no
106,13,1,11,421,2739.8,0.04,27.04,101.31,74090,0.91,4116,0,14,51,0,20,71,229,192,25,FALSE,yes,no,yes,yes
21,3,1,3,86,454.5,0.09,11.25,40.4,5114,0.15,284,0,6,6,0,15,24,50,36,5,FALSE,no,no,no,no
10,2,1,2,37,162.5,0.14,7.27,22.35,1182,0.05,66,0,0,1,0,10,11,21,16,3,FALSE,no,no,no,no
17,3,1,3,137,719,0.04,24.29,29.6,17461,0.24,970,4,3,9,0,17,21,77,60,5,FALSE,no,no,no,no
13,3,1,3,71,337.6,0.08,13.2,25.58,4456,0.11,248,4,0,5,0,12,15,38,33,5,FALSE,no,no,no,no
4,1,1,1,5,11.6,0.67,1.5,7.74,17,0,1,0,3,1,0,3,2,3,2,1,FALSE,no,no,no,no
49,13,8,6,384,2312.6,0.02,55.62,41.58,128630,0.77,7146,0,22,15,0,28,37,237,147,25,FALSE,yes,no,no,no
49,13,8,6,384,2312.6,0.02,55.62,41.58,128630,0.77,7146,0,22,15,0,28,37,237,147,25,FALSE,yes,no,no,no
55,14,9,5,366,2272.7,0.02,49.74,45.69,113052,0.76,6281,1,23,23,0,31,43,228,138,27,FALSE,yes,no,no,yes
55,14,9,5,366,2272.7,0.02,49.74,45.69,113052,0.76,6281,1,23,23,0,31,43,228,138,27,FALSE,yes,no,no,yes
17,5,4,2,120,620.4,0.04,23.47,26.43,14561,0.21,809,1,10,4,0,19,17,78,42,9,FALSE,no,no,no,no
17,5,4,2,120,620.4,0.04,23.47,26.43,14561,0.21,809,1,10,4,0,19,17,78,42,9,FALSE,no,no,no,no
20,5,4,2,127,671.3,0.04,23.16,28.99,15545,0.22,864,1,5,3,0,20,19,83,44,9,FALSE,no,no,no,no
20,5,4,2,127,671.3,0.04,23.16,28.99,15545,0.22,864,1,5,3,0,20,19,83,44,9,FALSE,no,no,no,no
30,9,9,2,405,2183.9,0.01,76.87,28.41,167872,0.73,9326,1,12,6,0,23,19,278,127,17,FALSE,no,no,no,no
45,15,15,2,581,3190.8,0.01,95.66,33.36,305226,1.06,16957,1,16,9,0,23,22,398,183,29,FALSE,yes,yes,no,no
20,6,6,2,241,1299.6,0.02,46,28.25,59779,0.43,3321,1,6,7,0,23,19,165,76,11,FALSE,no,no,no,no
41,10,7,2,312,1905.9,0.03,38.79,49.14,73924,0.64,4107,3,8,6,0,29,40,205,107,19,FALSE,no,no,no,no
25,8,8,1,228,1252.1,0.04,27.04,46.31,33856,0.42,1881,0,8,5,0,19,26,154,74,15,FALSE,no,no,no,no
22,5,1,2,114,602.5,0.05,22.11,27.26,13319,0.2,740,10,22,6,0,20,19,72,42,9,FALSE,no,no,no,no
41,4,1,4,247,1453,0.04,23.68,61.36,34405,0.48,1911,0,21,15,0,17,42,130,117,7,FALSE,no,no,no,no
48,6,5,4,279,1758.8,0.04,24.77,71.01,43562,0.59,2420,25,13,40,0,25,54,172,107,11,FALSE,no,no,no,no
24,9,1,8,74,355.7,0.09,11.65,30.54,4143,0.12,230,0,0,9,0,11,17,38,36,17,FALSE,no,no,no,no
25,4,1,3,97,480.6,0.04,22.46,21.39,10795,0.16,600,0,15,16,0,17,14,60,37,7,FALSE,no,no,no,no
176,23,15,17,696,5219.9,0.03,37.2,140.31,194195,1.74,10789,6,100,82,0,38,143,416,280,43,FALSE,yes,yes,yes,yes
10,2,1,2,21,75.3,0.14,7,10.75,527,0.03,29,0,0,1,0,8,4,14,7,3,FALSE,no,no,no,no
66,9,4,7,342,2203.5,0.03,28.98,76.03,63865,0.73,3548,5,26,34,0,26,61,206,136,17,FALSE,no,no,no,yes
32,4,1,3,130,744.6,0.06,16.36,45.51,12185,0.25,677,9,31,22,0,20,33,76,54,7,FALSE,no,no,no,no
18,2,1,2,70,364.7,0.1,10.29,35.45,3751,0.12,208,0,12,9,0,16,21,43,27,3,FALSE,no,no,no,no
3,1,1,1,7,19.7,0.5,2,9.83,39,0.01,2,0,0,2,0,4,3,4,3,1,FALSE,no,no,no,no
14,3,3,2,46,218.7,0.07,13.82,15.83,3022,0.07,168,3,4,12,0,16,11,27,19,5,FALSE,no,no,no,no
29,4,3,3,133,768.9,0.05,19.35,39.73,14882,0.26,827,4,21,14,0,24,31,83,50,7,FALSE,no,no,no,no
104,18,13,7,372,2415,0.02,41.38,58.36,99930,0.8,5552,5,70,38,0,32,58,222,150,35,FALSE,yes,no,no,yes
68,12,5,7,187,1130.3,0.05,21.71,52.05,24544,0.38,1364,4,58,39,0,24,42,111,76,23,FALSE,yes,no,no,yes
7,1,1,1,7,18.1,0.5,2,9.05,36,0.01,2,1,0,2,0,4,2,5,2,1,FALSE,no,no,no,no
21,4,1,4,104,567.8,0.06,17.86,31.79,10141,0.19,563,4,16,19,0,19,25,57,47,7,FALSE,no,no,no,no
10,2,1,1,24,103.7,0.2,5,20.75,519,0.03,29,0,0,1,0,10,10,14,10,3,FALSE,no,no,no,no
19,3,1,3,74,366.6,0.1,9.75,37.6,3574,0.12,199,9,7,13,0,13,18,47,27,5,FALSE,no,no,no,no
7,1,1,1,11,34.9,0.29,3.5,9.96,122,0.01,7,0,0,0,0,7,2,9,2,1,FALSE,no,no,no,no
8,1,1,1,11,36.5,0.29,3.5,10.44,128,0.01,7,0,0,0,0,7,3,8,3,1,FALSE,no,no,no,no
8,1,1,1,11,36.5,0.33,3,12.18,110,0.01,6,0,0,0,0,6,4,7,4,1,FALSE,no,no,no,no
8,1,1,1,11,36.5,0.33,3,12.18,110,0.01,6,0,0,0,0,6,4,7,4,1,FALSE,no,no,no,no
19,2,1,1,57,261.3,0.09,10.58,24.71,2764,0.09,154,0,0,3,0,11,13,32,25,3,FALSE,no,no,no,no
10,2,1,1,23,87.6,0.19,5.4,16.21,473,0.03,26,1,6,6,0,9,5,17,6,3,FALSE,no,no,no,no
11,1,1,1,42,155.4,0.16,6.25,24.87,971,0.05,54,0,1,3,0,5,8,22,20,1,FALSE,no,no,no,no
9,1,1,1,18,68.5,0.2,5,13.71,343,0.02,19,0,0,1,0,10,4,14,4,1,FALSE,no,no,no,no
7,1,1,1,10,33.2,0.33,3,11.07,100,0.01,6,0,0,0,0,6,4,6,4,1,FALSE,no,no,no,no
8,1,1,1,46,191.8,0.14,7,27.4,1343,0.06,75,0,1,2,0,9,9,32,14,1,FALSE,no,no,no,no
15,2,1,1,42,178.4,0.1,9.63,18.54,1717,0.06,95,0,0,3,0,11,8,28,14,3,FALSE,no,no,no,no
10,2,1,2,39,171.3,0.09,10.56,16.21,1809,0.06,101,4,15,6,0,13,8,26,13,3,FALSE,no,no,no,no
6,1,1,1,9,27,0.33,3,9,81,0.01,5,0,0,0,0,6,2,7,2,1,FALSE,no,no,no,no
44,6,1,6,152,886.6,0.05,18.91,46.89,16765,0.3,931,1,16,12,0,24,33,100,52,11,FALSE,no,no,no,no
8,1,1,1,34,139,0.16,6.19,22.46,860,0.05,48,0,2,6,0,9,8,23,11,1,FALSE,no,no,no,no
15,2,1,1,62,294.8,0.15,6.87,42.88,2027,0.1,113,0,0,0,0,11,16,42,20,3,FALSE,no,no,no,no
7,1,1,1,30,122.6,0.18,5.63,21.8,690,0.04,38,0,0,0,0,9,8,20,10,1,FALSE,no,no,no,no
6,1,1,1,26,101.6,0.17,6,16.93,609,0.03,34,0,0,1,0,9,6,18,8,1,FALSE,no,no,no,no
15,3,1,3,36,147.2,0.06,18,8.17,2649,0.05,147,0,0,3,0,12,5,21,15,5,FALSE,no,no,no,no
70,13,7,9,355,2263.1,0.04,27.86,81.22,63061,0.75,3503,6,15,25,0,24,59,218,137,25,FALSE,yes,no,no,yes
24,4,1,4,91,466.8,0.06,16.94,27.55,7908,0.16,439,3,2,5,0,18,17,59,32,7,FALSE,no,no,no,no
6,1,1,1,21,84,0.17,5.79,14.52,486,0.03,27,3,2,5,0,9,7,12,9,1,FALSE,no,no,no,no
12,3,1,2,106,525.1,0.06,18.12,28.99,9514,0.18,529,7,9,15,0,14,17,62,44,5,FALSE,no,no,no,no
5,1,1,1,7,19.7,0.5,2,9.83,39,0.01,2,2,1,3,0,4,3,4,3,1,FALSE,no,no,no,no
8,1,1,1,45,187.7,0.09,10.63,17.66,1994,0.06,111,4,2,5,0,10,8,28,17,1,FALSE,no,no,no,no
9,2,1,1,43,185.8,0.07,13.5,13.77,2509,0.06,139,2,2,6,0,12,8,25,18,3,FALSE,no,no,no,no
9,2,1,1,53,232.8,0.06,17.06,13.64,3972,0.08,221,2,2,5,0,13,8,32,21,3,FALSE,no,no,no,no
19,4,1,4,134,731.6,0.05,18.29,40.01,13377,0.24,743,3,0,4,0,16,28,70,64,7,FALSE,no,no,no,no
6,1,1,1,13,43.2,0.33,3,14.4,130,0.01,7,3,2,5,0,5,5,7,6,1,FALSE,no,no,no,no
25,6,1,6,182,1005.3,0.04,23.73,42.36,23859,0.34,1325,3,0,4,0,16,30,93,89,11,FALSE,no,no,no,no
19,3,1,3,72,360,0.1,10.11,35.6,3640,0.12,202,1,9,14,0,14,18,46,26,5,FALSE,no,no,no,no
76,16,10,11,526,3670.1,0.03,33.87,108.35,124313,1.22,6906,28,17,35,0,32,94,327,199,31,FALSE,yes,no,yes,yes
35,5,1,5,191,1114.1,0.1,10.11,110.24,11259,0.37,626,1,0,1,0,10,47,96,95,9,FALSE,no,no,no,no
8,3,1,2,43,188.9,0.09,10.67,17.71,2015,0.06,112,7,2,6,0,12,9,27,16,5,FALSE,no,no,no,no
14,1,1,1,49,196,0.36,2.77,70.78,543,0.07,30,0,0,0,0,3,13,25,24,1,FALSE,no,no,no,no
7,1,1,1,27,102.8,0.13,8,12.85,822,0.03,46,2,1,3,0,8,6,15,12,1,FALSE,no,no,no,no
27,5,1,4,159,888,0.05,20.7,42.9,18382,0.3,1021,8,19,17,0,23,25,114,45,9,FALSE,no,no,no,no
20,3,1,2,205,1138.7,0.03,30.2,37.71,34384,0.38,1910,10,7,16,0,19,28,116,89,5,FALSE,no,no,no,no
27,6,1,2,279,1627.4,0.03,33.51,48.56,54539,0.54,3030,14,5,11,0,20,37,155,124,11,FALSE,no,no,no,no
25,5,1,4,100,552.4,0.05,20.16,27.4,11136,0.18,619,2,0,5,0,21,25,52,48,9,FALSE,no,no,no,no
423,96,27,63,2075,17124.3,0.01,125.8,136.16,2153691,5.71,119650,80,165,81,0,72,233,1261,814,162,FALSE,yes,yes,yes,yes
30,5,1,5,189,1061.2,0.07,13.61,78,14438,0.35,802,1,0,2,0,11,38,95,94,9,FALSE,no,no,no,no
10,4,1,3,28,109.4,0.18,5.69,19.23,622,0.04,35,2,2,20,0,7,8,15,13,7,FALSE,no,no,no,no
49,16,10,3,399,2602.9,0.03,31.06,83.81,80843,0.87,4491,35,12,115,0,24,68,223,176,31,FALSE,yes,no,no,no
85,32,12,10,589,4032,0.02,51.47,78.34,207526,1.34,11529,53,27,156,0,32,83,322,267,63,FALSE,yes,no,yes,yes
8,7,1,1,74,347.8,0.06,16.32,21.3,5681,0.12,316,15,2,10,0,14,12,46,28,13,FALSE,no,no,no,no
50,15,9,1,219,1282.9,0.04,25.26,50.79,32402,0.43,1800,19,53,17,0,21,37,130,89,29,FALSE,yes,no,no,no
165,29,27,22,1118,8593.5,0.02,42.76,200.98,367447,2.86,20414,61,32,48,0,32,174,653,465,57,FALSE,yes,yes,yes,yes
17,2,1,2,103,505.4,0.11,9.27,54.5,4687,0.17,260,1,0,1,0,8,22,52,51,3,FALSE,no,no,no,no
15,4,1,4,55,267.2,0.08,13.07,20.45,3491,0.09,194,1,0,1,0,14,15,27,28,7,FALSE,no,no,no,no
61,11,7,10,259,1571.1,0.05,18.72,83.91,29417,0.52,1634,6,8,17,0,20,47,171,88,21,FALSE,yes,no,yes,yes
63,12,3,10,493,3343.2,0.02,40.22,83.12,134469,1.11,7471,30,18,74,0,31,79,288,205,23,FALSE,yes,no,yes,yes
16,3,1,3,82,427.2,0.07,15.16,28.18,6475,0.14,360,8,4,33,0,18,19,50,32,5,FALSE,no,no,no,no
49,13,1,13,132,773.3,0.05,21.53,35.91,16649,0.26,925,1,0,1,0,26,32,79,53,16,FALSE,yes,no,yes,no
52,14,1,14,142,842.2,0.04,23.03,36.57,19395,0.28,1077,1,0,1,0,27,34,84,58,18,FALSE,yes,no,yes,yes
42,7,1,7,263,1633.1,0.1,10.16,160.8,16586,0.54,921,1,0,4,0,10,64,133,130,13,FALSE,no,no,no,no
62,13,9,10,271,1655.4,0.05,20.34,81.37,33677,0.55,1871,5,8,16,0,21,48,178,93,25,FALSE,yes,no,yes,yes
65,13,3,10,520,3559.7,0.02,43.66,81.52,155431,1.19,8635,30,19,40,0,33,82,303,217,25,FALSE,yes,no,yes,yes
75,17,9,11,471,3235.9,0.03,38.3,84.48,123948,1.08,6886,25,15,77,0,33,84,276,195,33,FALSE,yes,no,yes,yes
8,2,1,1,14,48.4,0.23,4.38,11.07,212,0.02,12,0,10,4,0,7,4,9,5,3,FALSE,no,no,no,no
8,2,1,1,25,106.2,0.16,6.19,17.16,657,0.04,37,0,5,3,0,11,8,16,9,3,FALSE,no,no,no,no
3,1,1,1,5,11.6,0.5,2,5.8,23,0,1,0,0,1,0,4,1,4,1,1,FALSE,no,no,no,no
4,1,1,1,7,16.3,0.67,1.5,10.84,24,0.01,1,0,0,0,0,3,2,5,2,1,FALSE,no,no,no,no
15,4,3,1,52,250,0.07,14.68,17.03,3670,0.08,204,2,14,8,0,17,11,33,19,7,FALSE,no,no,no,no
8,2,1,1,14,48.4,0.23,4.38,11.07,212,0.02,12,0,10,4,0,7,4,9,5,3,FALSE,no,no,no,no
9,2,1,2,26,108.4,0.18,5.5,19.71,596,0.04,33,0,2,3,0,9,9,15,11,3,FALSE,no,no,no,no
13,3,1,2,66,313.8,0.07,13.93,22.53,4371,0.1,243,4,19,13,0,13,14,36,30,5,FALSE,no,no,no,no
3,1,1,1,5,11.6,0.5,2,5.8,23,0,1,0,0,1,0,4,1,4,1,1,FALSE,no,no,no,no
4,1,1,1,7,16.3,0.67,1.5,10.84,24,0.01,1,0,0,0,0,3,2,5,2,1,FALSE,no,no,no,no
6,1,1,1,17,64.7,0.22,4.5,14.38,291,0.02,16,1,7,5,0,9,5,12,5,1,FALSE,no,no,no,no
6,1,1,1,16,59.2,0.25,4,14.8,237,0.02,13,1,7,5,0,8,5,11,5,1,FALSE,no,no,no,no
15,2,1,1,40,183.4,0.09,10.64,17.24,1951,0.06,108,0,7,7,0,13,11,22,18,3,FALSE,no,no,no,no
9,1,1,1,21,84,0.19,5.14,16.32,432,0.03,24,0,3,5,0,9,7,13,8,1,FALSE,no,no,no,no
9,1,1,1,21,84,0.19,5.14,16.32,432,0.03,24,0,3,5,0,9,7,13,8,1,FALSE,no,no,no,no
20,1,1,1,120,629.8,0.06,16,39.36,10076,0.21,560,1,19,16,0,16,22,76,44,1,FALSE,no,no,no,no
7,1,1,1,13,43.2,0.4,2.5,17.27,108,0.01,6,2,2,3,0,5,5,8,5,1,FALSE,no,no,no,no
3,1,1,1,22,86,0.2,5,17.19,430,0.03,24,1,0,3,0,10,5,17,5,1,FALSE,no,no,no,no
3,1,1,1,21,80,0.22,4.5,17.77,360,0.03,20,1,0,3,0,9,5,16,5,1,FALSE,no,no,no,no
6,2,1,2,27,112.6,0.16,6.29,17.91,708,0.04,39,2,6,4,0,11,7,19,8,3,FALSE,no,no,no,no
7,1,1,1,13,43.2,0.4,2.5,17.27,108,0.01,6,2,2,3,0,5,5,8,5,1,FALSE,no,no,no,no
3,1,1,1,22,86,0.2,5,17.19,430,0.03,24,1,0,3,0,10,5,17,5,1,FALSE,no,no,no,no
3,1,1,1,21,80,0.22,4.5,17.77,360,0.03,20,1,0,3,0,9,5,16,5,1,FALSE,no,no,no,no
6,2,1,2,27,112.6,0.16,6.29,17.91,708,0.04,39,2,6,4,0,11,7,19,8,3,FALSE,no,no,no,no
2,1,1,1,1,0,0,0,0,0,0,0,0,0,1,0,1,0,1,0,1,FALSE,no,no,no,no
2,1,1,1,1,0,0,0,0,0,0,0,0,0,1,0,1,0,1,0,1,FALSE,no,no,no,no
3,1,1,1,1,0,0,0,0,0,0,0,0,12,8,0,1,0,1,0,1,FALSE,no,no,no,no
4,1,1,1,5,11.6,0.5,2,5.8,23,0,1,2,0,3,0,4,1,4,1,1,FALSE,no,no,no,no
9,2,1,1,15,51.9,0.23,4.38,11.86,227,0.02,13,0,8,2,0,7,4,10,5,3,FALSE,no,no,no,no
16,1,1,1,88,408.7,0.07,15.32,26.67,6261,0.14,348,0,4,7,0,11,14,49,39,1,FALSE,no,no,no,no
5,1,1,1,5,11.6,0.67,1.5,7.74,17,0,1,1,1,2,0,3,2,3,2,1,FALSE,no,no,no,no
4,1,1,1,15,47.6,0.27,3.75,12.68,178,0.02,10,3,1,1,0,5,4,9,6,1,FALSE,no,no,no,no
5,1,1,1,27,105.5,0.16,6.29,16.78,663,0.04,37,4,5,2,0,8,7,16,11,1,FALSE,no,no,no,no
9,2,1,1,39,171.3,0.1,10,17.13,1713,0.06,95,2,5,3,0,12,9,24,15,3,FALSE,no,no,no,no
18,3,1,1,47,215.5,0.12,8.03,26.81,1732,0.07,96,4,0,2,0,11,13,28,19,4,FALSE,no,no,no,no
38,10,4,4,142,835.3,0.04,26.1,32,21802,0.28,1211,4,33,27,0,29,30,88,54,13,FALSE,no,no,no,no
14,6,5,1,59,277.3,0.06,17.6,15.76,4881,0.09,271,2,2,6,0,16,10,37,22,11,FALSE,no,no,no,no
47,13,3,2,150,863.2,0.04,27.86,30.99,24047,0.29,1336,7,14,20,0,26,28,90,60,21,FALSE,yes,no,no,no
11,2,1,1,29,125.3,0.16,6.11,20.51,766,0.04,43,0,1,4,0,11,9,19,10,3,FALSE,no,no,no,no
11,2,1,1,28,121,0.16,6.11,19.8,740,0.04,41,0,2,5,0,11,9,18,10,3,FALSE,no,no,no,no
11,2,1,1,32,142.7,0.1,9.63,14.83,1374,0.05,76,1,2,3,0,14,8,21,11,3,FALSE,no,no,no,no
21,4,4,4,96,492.4,0.1,10.5,46.9,5170,0.16,287,3,7,7,0,15,20,68,28,7,FALSE,no,no,no,no
23,4,4,4,96,492.4,0.1,10.5,46.9,5170,0.16,287,1,5,7,0,15,20,68,28,7,FALSE,no,no,no,no
13,3,1,3,49,240.4,0.14,7.26,33.1,1747,0.08,97,0,0,0,0,13,17,30,19,5,FALSE,no,no,no,no
21,3,1,3,72,377.9,0.09,10.93,34.57,4129,0.13,229,0,0,0,0,17,21,45,27,5,FALSE,no,no,no,no
21,3,1,3,72,380.6,0.1,10.43,36.48,3970,0.13,221,0,0,0,0,17,22,45,27,5,FALSE,no,no,no,no
22,4,4,3,98,531.8,0.08,12.75,41.71,6780,0.18,377,0,0,0,0,17,26,59,39,7,FALSE,no,no,no,no
41,8,6,6,187,1113.4,0.07,14.8,75.22,16481,0.37,916,1,9,2,0,19,43,120,67,15,FALSE,no,no,no,no
22,4,3,2,64,310.9,0.07,14.77,21.05,4592,0.1,255,0,0,5,0,16,13,40,24,7,FALSE,no,no,no,no
9,3,3,1,24,91.4,0.1,10,9.14,914,0.03,51,0,0,0,0,10,4,16,8,5,FALSE,no,no,no,no
50,10,10,9,136,733.4,0.09,11.21,65.44,8219,0.24,457,0,0,12,0,13,29,86,50,19,FALSE,no,no,no,no
29,10,10,8,118,640.3,0.05,20.43,31.33,13084,0.21,727,1,0,8,0,20,23,71,47,19,FALSE,no,no,no,no
50,10,10,9,138,757.9,0.1,10.16,74.62,7697,0.25,428,0,0,12,0,13,32,88,50,19,FALSE,no,no,no,no
29,19,1,8,216,1310.3,0.05,18.55,70.63,24307,0.44,1350,8,0,5,0,18,49,115,101,37,FALSE,yes,no,no,no
29,7,5,2,100,508.8,0.04,25.33,20.08,12888,0.17,716,0,9,5,0,19,15,60,40,13,FALSE,no,no,no,no
9,1,1,1,81,366.4,0.05,20.22,18.12,7410,0.12,412,0,2,3,0,14,9,55,26,1,FALSE,no,no,no,no
16,4,4,1,135,675,0.04,24.37,27.7,16448,0.23,914,0,3,4,0,17,15,92,43,7,FALSE,no,no,no,no
9,1,1,1,25,104.3,0.2,5,20.85,521,0.03,29,0,0,0,0,9,9,15,10,1,FALSE,no,no,no,no
6,1,1,1,19,70.3,0.29,3.43,20.51,241,0.02,13,0,0,0,0,6,7,11,8,1,FALSE,no,no,no,no
30,7,3,4,171,955,0.03,30.04,31.79,28688,0.32,1594,0,2,7,0,22,26,100,71,13,FALSE,no,no,no,no
14,2,1,2,20,71.7,0.35,2.86,25.09,205,0.02,11,0,0,2,0,5,7,12,8,3,FALSE,no,no,no,no
56,22,1,12,455,2982.3,0.02,53.98,55.25,160996,0.99,8944,0,1,10,0,35,59,273,182,40,FALSE,yes,no,yes,yes
21,3,1,3,214,1207.8,0.04,26.67,45.29,32208,0.4,1789,1,10,7,0,20,30,134,80,5,FALSE,no,no,no,no
14,1,1,1,80,380.4,0.11,9.5,40.04,3614,0.13,201,3,12,7,0,9,18,42,38,1,FALSE,no,no,no,no
7,1,1,1,8,24,0.5,2,12,48,0.01,3,0,0,1,0,4,4,4,4,1,FALSE,no,no,no,no
16,3,3,1,40,169.9,0.17,5.85,29.05,994,0.06,55,0,0,3,0,9,10,27,13,5,FALSE,no,no,no,no
22,3,1,3,229,1335.7,0.04,25.08,53.25,33505,0.45,1861,1,4,5,0,21,36,143,86,5,FALSE,no,no,no,no
27,4,1,3,75,360.6,0.09,11.7,30.82,4218,0.12,234,0,3,9,0,13,15,48,27,7,FALSE,no,no,no,no
3,1,1,1,12,39.9,0.29,3.5,11.39,140,0.01,8,0,0,0,0,7,3,9,3,1,FALSE,no,no,no,no
7,2,1,1,27,105.5,0.08,12,8.79,1266,0.04,70,0,0,1,0,10,5,15,12,3,FALSE,no,no,no,no
3,1,1,1,14,48.4,0.23,4.38,11.07,212,0.02,12,0,0,0,0,7,4,9,5,1,FALSE,no,no,no,no
7,1,1,1,29,110.4,0.21,4.88,22.65,538,0.04,30,0,0,0,0,6,8,16,13,1,FALSE,no,no,no,no
9,3,1,1,41,171,0.07,14.14,12.09,2418,0.06,134,0,0,1,0,11,7,23,18,5,FALSE,no,no,no,no
11,3,1,1,49,215.2,0.07,14.67,14.67,3157,0.07,175,0,0,1,0,12,9,27,22,5,FALSE,no,no,no,no
4,1,1,1,13,39,0.33,3,13,117,0.01,7,0,0,0,0,4,4,7,6,1,FALSE,no,no,no,no
3,1,1,1,7,19.7,0.4,2.5,7.86,49,0.01,3,0,0,0,0,5,2,5,2,1,FALSE,no,no,no,no
12,3,1,1,51,227.4,0.1,10.42,21.83,2369,0.08,132,0,0,1,0,10,12,26,25,5,FALSE,no,no,no,no
31,4,1,2,141,829.5,0.05,21.52,38.55,17846,0.28,991,1,19,15,0,27,32,90,51,7,TRUE,no,no,no,no
29,5,1,3,111,641.7,0.08,12.33,52.03,7915,0.21,440,4,22,27,0,22,33,74,37,9,TRUE,no,no,no,no
71,10,8,9,211,1251.4,0.04,27.11,46.15,33930,0.42,1885,6,45,30,0,26,35,138,73,19,TRUE,no,no,no,yes
15,2,1,2,74,385.5,0.07,14.25,27.05,5493,0.13,305,0,7,9,0,19,18,47,27,3,TRUE,no,no,no,no
33,6,1,5,172,989.8,0.05,18.46,53.63,18270,0.33,1015,7,30,31,0,19,35,104,68,11,TRUE,no,no,no,no
92,4,1,4,822,6234.8,0.04,26.64,234.02,166114,2.08,9229,7,46,62,0,24,168,449,373,7,TRUE,no,no,no,yes
44,7,1,7,269,1746.3,0.05,22.12,78.96,38620,0.58,2146,6,14,36,0,25,65,154,115,13,TRUE,no,no,no,no
143,13,1,12,695,4996.9,0.04,28.52,175.18,142535,1.67,7919,11,57,93,0,24,122,405,290,25,TRUE,yes,no,yes,yes
196,37,21,26,1177,9135.4,0.01,71.54,127.7,653537,3.05,36308,14,170,155,0,52,165,723,454,71,TRUE,yes,yes,yes,yes
12,1,1,1,37,159.9,0.11,9,17.77,1439,0.05,80,0,1,7,0,12,8,25,12,1,TRUE,no,no,no,no
12,1,1,1,37,159.9,0.11,9,17.77,1439,0.05,80,0,1,7,0,12,8,25,12,1,TRUE,no,no,no,no
133,30,1,26,605,4185.9,0.01,77.46,54.04,324261,1.4,18014,3,91,55,0,50,71,385,220,34,TRUE,yes,no,yes,yes
28,3,1,2,104,557.2,0.07,15.24,36.57,8490,0.19,472,0,11,9,0,20,21,72,32,5,TRUE,no,no,no,no
91,20,9,4,568,3740.3,0.02,51.47,72.67,192513,1.25,10695,20,96,46,0,28,68,318,250,39,TRUE,yes,no,no,yes
41,4,3,3,129,745.8,0.08,13.19,56.52,9840,0.25,547,0,12,1,0,19,36,79,50,7,TRUE,no,no,no,no
149,20,1,18,702,5081.4,0.03,29.58,171.78,150306,1.69,8350,0,62,10,0,32,119,482,220,37,TRUE,yes,no,yes,yes
411,73,30,41,1500,12749.8,0.02,43.41,293.68,553519,4.25,30751,45,339,42,0,48,314,932,568,141,TRUE,yes,yes,yes,yes
121,15,3,12,537,3817.3,0.04,23.26,164.09,88802,1.27,4933,3,29,16,0,24,114,316,221,29,TRUE,yes,no,yes,yes
130,20,9,10,607,4282.6,0.02,51.6,83,220980,1.43,12277,23,65,12,0,38,95,349,258,37,TRUE,yes,no,yes,yes
79,12,4,6,201,1227.8,0.07,13.73,89.42,16859,0.41,937,14,78,2,0,17,52,117,84,23,TRUE,yes,no,no,yes
57,9,1,7,213,1318.4,0.03,29.27,45.05,38588,0.44,2144,6,7,6,0,32,41,138,75,15,TRUE,no,no,no,yes
49,7,1,5,229,1341.5,0.07,13.6,98.6,18250,0.45,1014,6,4,3,0,15,43,151,78,13,TRUE,no,no,no,no
58,10,5,1,187,1038.7,0.03,33.52,30.99,34817,0.35,1934,6,6,9,0,21,26,104,83,19,TRUE,no,no,no,yes
28,3,1,3,148,835.3,0.05,18.67,44.75,15592,0.28,866,2,11,40,0,20,30,92,56,5,TRUE,no,no,no,no
13,3,1,3,38,164.2,0.14,7.33,22.4,1204,0.05,67,2,0,0,0,11,9,26,12,5,TRUE,no,no,no,no
71,8,1,7,307,1993,0.05,21.94,90.85,43721,0.66,2429,6,39,25,0,26,64,199,108,15,TRUE,no,no,no,yes
22,2,1,2,114,575.1,0.06,15.43,37.27,8872,0.19,493,1,19,27,0,12,21,60,54,3,TRUE,no,no,no,no
22,5,5,3,84,440.8,0.08,12.55,35.13,5531,0.15,307,0,17,9,0,17,21,53,31,9,TRUE,no,no,no,no
59,7,1,7,349,2318.7,0.05,22.14,104.75,51325,0.77,2851,16,23,32,0,26,74,223,126,13,TRUE,no,no,no,yes
19,1,1,1,118,561.1,0.08,12,46.76,6733,0.19,374,1,3,10,0,8,19,61,57,1,TRUE,no,no,no,no
89,24,9,19,402,2603.2,0.02,47.6,54.69,123914,0.87,6884,4,62,30,0,34,55,248,154,32,TRUE,yes,no,yes,yes
32,4,1,4,121,648.3,0.05,18.57,34.91,12037,0.22,669,3,24,13,0,19,22,78,43,7,TRUE,no,no,no,no
74,11,11,9,354,2274.9,0.03,36.74,61.92,83581,0.76,4643,7,28,31,0,32,54,230,124,21,TRUE,yes,no,no,yes
32,4,1,4,117,574.1,0.04,22.75,25.24,13061,0.19,726,0,4,17,0,14,16,65,52,5,TRUE,no,no,no,no
107,18,9,10,516,3366.2,0.02,64.92,51.85,218525,1.12,12140,9,73,51,0,37,55,323,193,35,TRUE,yes,no,yes,yes
7,1,1,1,30,122.6,0.18,5.63,21.8,690,0.04,38,0,0,0,0,9,8,20,10,1,TRUE,no,no,no,no
19,3,1,1,85,439.4,0.1,9.64,45.57,4237,0.15,235,2,22,12,0,15,21,58,27,5,TRUE,no,no,no,no
18,3,1,3,60,297.3,0.11,9.47,31.39,2815,0.1,156,3,34,14,0,14,17,37,23,5,TRUE,no,no,no,no
22,3,1,3,81,439.5,0.09,11.08,39.66,4871,0.15,271,3,11,10,0,19,24,53,28,5,TRUE,no,no,no,no
20,3,1,3,64,330.9,0.1,10.5,31.51,3474,0.11,193,2,19,8,0,18,18,43,21,5,TRUE,no,no,no,no
8,1,1,1,24,103.7,0.2,5,20.75,519,0.03,29,0,7,7,0,10,10,14,10,1,TRUE,no,no,no,no
44,8,4,7,159,971.3,0.08,13.06,74.36,12686,0.32,705,2,31,10,0,20,49,95,64,15,TRUE,no,no,no,no
91,18,7,16,591,4176.1,0.05,21.41,195.05,89412,1.39,4967,4,18,4,0,22,112,373,218,35,TRUE,yes,no,yes,yes
47,3,1,3,256,1563.8,0.04,28,55.85,43786,0.52,2433,2,13,2,0,23,46,144,112,5,TRUE,no,no,no,no
24,4,3,3,107,587.6,0.05,19.13,30.72,11242,0.2,625,1,7,4,0,22,23,67,40,7,TRUE,no,no,no,no
82,11,3,10,475,3155.8,0.02,44.71,70.59,141084,1.05,7838,9,59,35,0,32,68,285,190,21,TRUE,yes,no,yes,yes
10,2,1,1,32,150.4,0.15,6.5,23.14,978,0.05,54,1,12,4,0,13,13,19,13,3,TRUE,no,no,no,no
28,6,5,5,104,564.3,0.06,16.09,35.08,9078,0.19,504,2,7,0,0,20,23,67,37,11,TRUE,no,no,no,no
