Account No,PID
1111111,948975
1111112,864466
1111113,934194
1111114,954636
1111115,534818
1111116,291888
1111117,513320
1111118,765124
1111119,679838
1111120,584317
1111121,149936
1111122,170028
1111123,816027
1111124,758483
1111125,295355
1111126,698243
1111127,296875
1111128,667777
1111129,331671
1111130,426917
1111131,359479
1111132,856574
1111133,396525
1111134,629648
1111135,720110
1111136,351050
1111137,976004
1111138,361227
1111139,466336
1111140,260461
1111141,640414
1111142,699462
1111143,327593
1111144,164315
1111145,404977
1111146,746747
1111147,688742
1111148,717145
1111149,422457
1111150,933979
1111151,913203
1111152,499802
1111153,202544
1111154,172345
1111155,460297
1111156,938532
1111157,339502
1111158,206596
1111159,981934
1111160,960241
1111161,714818
1111162,800880
1111163,257973
1111164,721651
1111165,398575
1111166,688033
1111167,869586
1111168,199504
1111169,277452
1111170,176900
1111171,471694
1111172,715887
1111173,962764
1111174,536787
1111175,648318
1111176,119742
1111177,215664
1111178,146259
1111179,279798
1111180,479762
1111181,988255
1111182,474842
1111183,604013
1111184,470372
1111185,350026
1111186,303108
1111187,412358
1111188,184554
1111189,235323
1111190,885908
1111191,436876
1111192,635104
1111193,822607
1111194,791706
1111195,814483
1111196,350312
1111197,513627
1111198,900532
1111199,976942
1111200,911068
1111201,393085
1111202,855149
1111203,489937
1111204,527885
1111205,814300
1111206,434700
1111207,776473
1111208,182532
1111209,614077
1111210,388329
1111211,835253
1111212,652596
1111213,876995
1111214,365114
1111215,665007
1111216,537283
1111217,705251
1111218,638294
1111219,211926
1111220,544384
1111221,432550
1111222,665184
1111223,556345
1111224,934888
1111225,460719
1111226,907318
1111227,472561
1111228,238007
1111229,493017
1111230,350829
1111231,913973
1111232,556936
1111233,421407
1111234,425288
1111235,661556
1111236,431778
1111237,629858
1111238,958186
1111239,971614
1111240,207050
1111241,184589
1111242,737128
1111243,647105
1111244,301865
1111245,433608
1111246,233037
1111247,174596
1111248,865856
1111249,340278
1111250,868257
1111251,493128
1111252,512057
1111253,135457
1111254,827641
1111255,933371
1111256,161470
1111257,816658
1111258,838391
1111259,981576
1111260,402482
1111261,892709
1111262,873627
1111263,782390
1111264,850196
1111265,670787
1111266,544714
1111267,237814
1111268,637652
1111269,242133
1111270,238090
1111271,341043
1111272,470518
1111273,484697
1111274,223187
1111275,263083
1111276,227500
1111277,123815
1111278,619346
1111279,134686
1111280,542055
1111281,160644
1111282,270684
1111283,307073
1111284,125674
1111285,386157
1111286,815707
1111287,482127
1111288,241986
1111289,812363
1111290,487825
1111291,742691
1111292,794630
1111293,905589
1111294,597331
1111295,710098
1111296,261186
1111297,239920
1111298,734764
1111299,367520
1111300,283608
1111301,719599
1111302,649385
1111303,344097
1111304,122907
1111305,143489
1111306,635457
1111307,723783
1111308,757871
1111309,178195
1111310,892500